run,step,loss,gn,cov3d,radius,rattr,aniso,aniso_gt,ich,centroid,ramp_sobel,lr
C1_l1_vanilla_20260921_005556,50,98.0051,91.76,0.0,0.292,,0.0,0.0,10.9503,15.9586,0.0,2e-05
C1_l1_vanilla_20260921_005556,100,150.8599,176.7,0.0,0.278,,0.0,0.0,8.9409,12.4036,0.0,4e-05
C1_l1_vanilla_20260921_005556,150,216.3742,275.65,0.0,0.237,,0.0,0.0,11.5067,16.9716,0.0,6e-05
C1_l1_vanilla_20260921_005556,200,205.8045,504.95,0.0,0.255,,0.0,0.0,9.9553,15.5201,0.0,8e-05
C1_l1_vanilla_20260921_005556,250,192.6478,789.57,0.0,0.275,,0.0,0.0,8.5493,13.9435,0.0,0.0001
C1_l1_vanilla_20260921_005556,300,185.9017,945.16,0.0,0.27,,0.0,0.0,7.5278,12.3588,0.0,0.00012
C1_l1_vanilla_20260921_005556,350,197.685,1187.2,0.0,0.313,,0.0,0.0,7.3809,12.1655,0.0,0.00014
C1_l1_vanilla_20260921_005556,400,206.1562,1163.57,0.0,0.353,,0.0,0.0,6.5968,13.0729,0.0,0.00016
C1_l1_vanilla_20260921_005556,450,187.3977,1179.86,0.0,0.309,,0.0,0.0,5.6781,10.7867,0.0,0.00018
C1_l1_vanilla_20260921_005556,500,183.6148,1019.58,0.0,0.297,,0.0,0.0,5.5646,10.0577,0.0,0.0002
C1_l1_vanilla_20260921_005556,550,163.0652,2017.47,0.0,0.415,,0.0,0.0,4.4757,6.8448,0.0,0.0002
C1_l1_vanilla_20260921_005556,600,162.6298,1310.01,0.0,0.288,,0.0,0.0,4.6763,6.2924,0.0,0.0002
C1_l1_vanilla_20260921_005556,650,154.697,1771.37,0.0,0.423,,0.0,0.0,3.9042,5.3561,0.0,0.0002
C1_l1_vanilla_20260921_005556,700,154.2614,1780.33,0.0,0.371,,0.0,0.0,4.0253,5.9736,0.0,0.0002
C1_l1_vanilla_20260921_005556,750,140.8314,1777.96,0.0,0.376,,0.0,0.0,3.3327,4.1676,0.0,0.0002
C1_l1_vanilla_20260921_005556,800,135.1434,2050.07,0.0,0.39,,0.0,0.0,2.9304,3.781,0.0,0.0002
C1_l1_vanilla_20260921_005556,850,128.7886,1967.87,0.0,0.302,,0.0,0.0,2.5384,3.3343,0.0,0.0002
C1_l1_vanilla_20260921_005556,900,167.9845,2171.31,0.0,0.362,,0.0,0.0,5.6685,7.5652,0.0,0.0002
C1_l1_vanilla_20260921_005556,950,250.5047,1937.72,0.0,0.373,,0.0,0.0,11.7594,17.6104,0.0,0.0002
C1_l1_vanilla_20260921_005556,1000,136.907,1595.15,0.0,0.27,,0.0,0.0,3.4189,4.4014,0.0,0.0002
C1_l1_vanilla_20260921_005556,1050,130.1907,2231.89,0.0,0.369,,0.0,0.0,2.7105,3.3888,0.0,0.0002
C1_l1_vanilla_20260921_005556,1100,131.1257,1933.78,0.0,0.244,,0.0,0.0,2.7964,3.8435,0.0,0.0002
C1_l1_vanilla_20260921_005556,1150,119.2864,2709.14,0.0,0.337,,0.0,0.0,2.0309,2.5765,0.0,0.0002
C1_l1_vanilla_20260921_005556,1200,137.7877,3184.67,0.0,0.413,,0.0,0.0,3.3187,4.6082,0.0,0.0002
C1_l1_vanilla_20260921_005556,1250,139.0601,2218.33,305.274,0.268,0.2956,1.16,12.83,2.2691,3.0219,0.0,0.0002
C1_l1_vanilla_20260921_005556,1300,134.9754,2688.53,1.502,0.3,0.2992,1.35,12.69,2.1412,2.6598,0.0,0.0002
C1_l1_vanilla_20260921_005556,1350,135.0216,2900.69,1.264,0.256,0.3011,1.3,12.56,2.2252,3.0039,0.0,0.0002
C1_l1_vanilla_20260921_005556,1400,141.9518,3139.11,1.283,0.321,0.3061,1.27,12.65,2.6756,3.1882,0.0,0.0002
C1_l1_vanilla_20260921_005556,1450,136.9099,2800.19,1.017,0.357,0.298,1.3,12.31,2.3068,2.9306,0.0,0.0002
C1_l1_vanilla_20260921_005556,1500,138.1778,3686.82,1.112,0.316,0.2982,1.24,12.08,2.2355,3.3268,0.0,0.0002
C1_l1_vanilla_20260921_005556,1550,153.4256,4216.89,1.139,0.371,0.2923,1.31,12.64,3.4555,4.3989,0.0,0.0002
C1_l1_vanilla_20260921_005556,1600,141.1227,2972.11,1.132,0.282,0.2848,1.34,13.16,2.5796,3.2052,0.0,0.0002
C1_l1_vanilla_20260921_005556,1650,136.6466,3002.6,1.085,0.276,0.2854,1.46,12.48,2.2736,2.7736,0.0,0.0002
C1_l1_vanilla_20260921_005556,1700,131.1675,3076.75,1.192,0.25,0.2644,1.37,12.63,1.8214,2.382,0.0,0.0002
C1_l1_vanilla_20260921_005556,1750,137.9462,3299.0,1.229,0.274,0.2491,1.34,12.7,2.3562,3.0179,0.0,0.0002
C1_l1_vanilla_20260921_005556,1800,134.6374,2802.64,1.312,0.204,0.2427,1.28,13.01,2.1225,2.7811,0.0,0.0002
C1_l1_vanilla_20260921_005556,1850,131.9082,2824.77,0.985,0.216,0.2564,1.33,11.99,1.9785,2.511,0.0,0.0002
C1_l1_vanilla_20260921_005556,1900,132.6184,3251.32,1.319,0.269,0.2381,1.35,12.41,1.9275,2.4802,0.0,0.0002
C1_l1_vanilla_20260921_005556,1950,125.4898,3189.28,1.29,0.212,0.2123,1.33,12.79,1.5333,1.8799,0.0,0.0002
C1_l1_vanilla_20260921_005556,2000,131.692,3121.46,0.967,0.24,0.2216,1.31,11.63,1.9986,2.428,0.0,0.0002
C1_l1_vanilla_20260921_005556,2050,134.1761,3409.74,1.044,0.307,0.2133,1.33,12.0,2.1588,2.6218,0.0,0.0002
C1_l1_vanilla_20260921_005556,2100,129.4802,3479.56,1.09,0.331,0.2145,1.31,12.5,1.7554,2.1607,0.0,0.0002
C1_l1_vanilla_20260921_005556,2150,135.2489,3282.28,1.097,0.224,0.2253,1.33,12.25,2.1039,2.7914,0.0,0.0002
C1_l1_vanilla_20260921_005556,2200,131.0811,3749.67,1.062,0.293,0.2248,1.31,12.64,1.8006,2.2373,0.0,0.0002
C1_l1_vanilla_20260921_005556,2250,131.0348,3756.13,1.083,0.237,0.2056,1.3,12.69,1.939,2.4234,0.0,0.0002
C1_l1_vanilla_20260921_005556,2300,130.8153,3216.0,1.082,0.221,0.2092,1.31,12.75,1.9543,2.4007,0.0,0.0002
C1_l1_vanilla_20260921_005556,2350,132.4602,2755.53,1.1,0.209,0.2064,1.32,12.96,2.1006,2.4966,0.0,0.0002
C1_l1_vanilla_20260921_005556,2400,136.4553,3882.11,1.076,0.269,0.2015,1.38,12.21,2.1679,2.9858,0.0,0.0002
C1_l1_vanilla_20260921_005556,2450,130.4298,3708.43,1.09,0.244,0.2123,1.34,12.49,1.8141,2.2547,0.0,0.0002
C1_l1_vanilla_20260921_005556,2500,135.6558,4340.0,0.992,0.266,0.207,1.38,12.52,2.1448,2.8257,0.0,0.0002
C1_l1_vanilla_20260921_005556,2550,130.5247,3005.6,1.132,0.228,0.206,1.41,12.44,1.896,2.3033,0.0,0.0002
C1_l1_vanilla_20260921_005556,2600,130.0844,3553.36,1.054,0.216,0.202,1.36,12.68,1.862,2.3151,0.0,0.0002
C1_l1_vanilla_20260921_005556,2650,132.7795,3671.3,1.07,0.258,0.2029,1.43,12.42,2.0352,2.4515,0.0,0.0002
C1_l1_vanilla_20260921_005556,2700,136.4976,4645.07,0.99,0.262,0.1923,1.39,12.37,2.1891,3.0116,0.0,0.0002
C1_l1_vanilla_20260921_005556,2750,126.1302,4077.41,1.019,0.215,0.1909,1.4,12.78,1.5979,2.0287,0.0,0.0002
C1_l1_vanilla_20260921_005556,2800,125.2273,3143.0,1.074,0.195,0.1912,1.42,12.57,1.608,2.0054,0.0,0.0002
C1_l1_vanilla_20260921_005556,2850,120.7449,3040.13,1.017,0.179,0.1833,1.44,12.83,1.4286,1.7578,0.0,0.0002
C1_l1_vanilla_20260921_005556,2900,126.6269,3753.43,1.031,0.24,0.2018,1.43,12.58,1.8412,2.2068,0.0,0.0002
C1_l1_vanilla_20260921_005556,2950,123.6255,4171.68,0.937,0.253,0.1963,1.47,12.25,1.6977,2.1117,0.0,0.0002
C1_l1_vanilla_20260921_005556,3000,123.0647,3020.84,0.99,0.202,0.1932,1.48,12.4,1.7846,2.1959,0.0,0.0002
C1_l1_vanilla_20260921_005556,3050,120.8711,2572.46,0.965,0.188,0.1879,1.43,12.73,1.5889,2.0993,0.0,0.0002
C1_l1_vanilla_20260921_005556,3100,119.0173,3082.79,0.973,0.192,0.1963,1.49,12.7,1.5737,1.9629,0.0,0.000199
C1_l1_vanilla_20260921_005556,3150,122.2781,3409.04,0.965,0.232,0.1913,1.55,12.2,1.9015,2.2603,0.0,0.000199
C1_l1_vanilla_20260921_005556,3200,114.2334,3023.97,1.019,0.172,0.1788,1.48,13.5,1.383,1.6734,0.0,0.000199
C1_l1_vanilla_20260921_005556,3250,122.4599,3534.03,1.017,0.24,0.1879,1.48,12.13,1.9776,2.3009,0.0,0.000199
C1_l1_vanilla_20260921_005556,3300,112.3988,4463.82,1.026,0.216,0.1826,1.55,12.27,1.308,1.5735,0.0,0.000199
C1_l1_vanilla_20260921_005556,3350,115.5249,3272.33,0.996,0.21,0.1875,1.45,12.34,1.5243,1.9404,0.0,0.000199
C1_l1_vanilla_20260921_005556,3400,114.9391,3109.88,1.124,0.248,0.2012,1.47,12.51,1.3691,1.6715,0.0,0.000199
C1_l1_vanilla_20260921_005556,3450,115.4932,2787.71,0.984,0.188,0.1971,1.49,12.58,1.6431,2.0366,0.0,0.000199
C1_l1_vanilla_20260921_005556,3500,112.2914,2497.09,1.118,0.182,0.1846,1.49,12.56,1.5163,1.8765,0.0,0.000199
C1_l1_vanilla_20260921_005556,3550,109.5987,2708.49,0.966,0.175,0.1756,1.56,12.22,1.467,1.679,0.0,0.000199
C1_l1_vanilla_20260921_005556,3600,111.6191,3379.01,1.052,0.19,0.1868,1.57,11.96,1.6286,1.9632,0.0,0.000199
C1_l1_vanilla_20260921_005556,3650,108.7385,3186.3,1.034,0.195,0.1779,1.49,12.38,1.3693,1.709,0.0,0.000199
C1_l1_vanilla_20260921_005556,3700,107.8824,2304.07,1.039,0.168,0.1814,1.51,12.69,1.4484,1.7816,0.0,0.000199
C1_l1_vanilla_20260921_005556,3750,107.0145,2820.66,1.065,0.177,0.1776,1.51,12.33,1.4843,1.7377,0.0,0.000199
C1_l1_vanilla_20260921_005556,3800,105.4577,3467.55,1.139,0.193,0.1733,1.53,12.53,1.4086,1.7597,0.0,0.000199
C1_l1_vanilla_20260921_005556,3850,106.6283,3123.16,1.117,0.193,0.185,1.52,13.1,1.4756,1.8105,0.0,0.000199
C1_l1_vanilla_20260921_005556,3900,101.496,2194.64,1.132,0.171,0.169,1.51,13.25,1.2448,1.471,0.0,0.000199
C1_l1_vanilla_20260921_005556,3950,103.898,2522.64,1.003,0.166,0.174,1.56,13.04,1.4606,1.8661,0.0,0.000199
C1_l1_vanilla_20260921_005556,4000,102.1426,2879.16,1.294,0.185,0.1921,1.52,12.01,1.3267,1.576,0.0,0.000199
C1_l1_vanilla_20260921_005556,4050,99.654,2409.84,1.042,0.154,0.1705,1.56,12.94,1.3024,1.5863,0.0,0.000199
C1_l1_vanilla_20260921_005556,4100,102.026,2780.39,0.955,0.206,0.1777,1.59,12.39,1.5051,1.8505,0.0,0.000199
C1_l1_vanilla_20260921_005556,4150,98.0112,2145.23,0.989,0.176,0.1667,1.65,12.73,1.3628,1.7,0.0,0.000199
C1_l1_vanilla_20260921_005556,4200,104.4126,2558.36,0.975,0.172,0.1742,1.59,12.41,1.8824,2.1712,0.0,0.000199
C1_l1_vanilla_20260921_005556,4250,98.7255,2138.48,1.666,0.153,0.1672,1.62,12.38,1.487,1.7414,0.0,0.000199
C1_l1_vanilla_20260921_005556,4300,94.3816,3149.17,1.043,0.179,0.1741,1.56,12.79,1.1841,1.3448,0.0,0.000199
C1_l1_vanilla_20260921_005556,4350,96.7431,2908.24,1.142,0.178,0.1813,1.58,12.42,1.3779,1.5689,0.0,0.000199
C1_l1_vanilla_20260921_005556,4400,95.1925,2958.5,1.053,0.201,0.1657,1.53,12.53,1.3201,1.6037,0.0,0.000199
C1_l1_vanilla_20260921_005556,4450,90.4593,1995.66,1.103,0.159,0.167,1.62,13.07,1.1231,1.2852,0.0,0.000199
C1_l1_vanilla_20260921_005556,4500,96.0358,2919.24,0.983,0.181,0.1679,1.65,12.82,1.6077,1.8698,0.0,0.000199
C1_l1_vanilla_20260921_005556,4550,96.9828,2251.54,1.082,0.171,0.1837,1.63,12.07,1.6989,2.005,0.0,0.000199
C1_l1_vanilla_20260921_005556,4600,90.784,3073.28,1.084,0.178,0.1661,1.52,13.24,1.2494,1.4084,0.0,0.000199
C1_l1_vanilla_20260921_005556,4650,89.4081,2737.87,1.126,0.164,0.1636,1.54,12.84,1.239,1.4643,0.0,0.000199
C1_l1_vanilla_20260921_005556,4700,89.0781,2439.31,0.998,0.167,0.1654,1.6,12.85,1.1969,1.4471,0.0,0.000199
C1_l1_vanilla_20260921_005556,4750,94.2449,2859.81,1.084,0.174,0.1689,1.63,12.6,1.6443,1.9421,0.0,0.000199
C1_l1_vanilla_20260921_005556,4800,94.42,3302.01,0.972,0.194,0.1752,1.64,12.28,1.7006,2.0929,0.0,0.000199
C1_l1_vanilla_20260921_005556,4850,91.6195,1931.03,1.147,0.155,0.1627,1.58,12.75,1.6452,1.9031,0.0,0.000199
C1_l1_vanilla_20260921_005556,4900,88.3159,3405.9,0.955,0.169,0.1639,1.61,12.12,1.4401,1.6626,0.0,0.000199
C1_l1_vanilla_20260921_005556,4950,86.8044,2622.46,1.054,0.165,0.1645,1.58,12.35,1.3172,1.6019,0.0,0.000199
C1_l1_vanilla_20260921_005556,5000,86.0647,3200.38,0.966,0.188,0.1669,1.59,12.37,1.3177,1.6225,0.0,0.000199
C1_l1_vanilla_20260921_005556,5050,83.8928,2185.48,1.031,0.149,0.1666,1.61,11.95,1.2902,1.4869,0.0,0.000198
C1_l1_vanilla_20260921_005556,5100,78.1515,3043.14,0.988,0.16,0.1563,1.59,12.68,0.8919,1.0471,0.0,0.000198
C1_l1_vanilla_20260921_005556,5150,82.0228,2513.25,1.038,0.151,0.1587,1.59,12.35,1.2155,1.4363,0.0,0.000198
C1_l1_vanilla_20260921_005556,5200,81.6317,1824.37,0.937,0.145,0.1626,1.68,12.45,1.2723,1.5849,0.0,0.000198
C1_l1_vanilla_20260921_005556,5250,85.4691,2547.13,1.041,0.146,0.1621,1.68,12.87,1.6394,1.936,0.0,0.000198
C1_l1_vanilla_20260921_005556,5300,78.1725,1996.88,1.182,0.136,0.1574,1.65,12.91,1.0833,1.2928,0.0,0.000198
C1_l1_vanilla_20260921_005556,5350,79.5966,2568.07,1.055,0.145,0.1614,1.64,12.61,1.2564,1.4541,0.0,0.000198
C1_l1_vanilla_20260921_005556,5400,76.3763,2292.5,1.042,0.146,0.16,1.67,12.64,1.1188,1.2732,0.0,0.000198
C1_l1_vanilla_20260921_005556,5450,80.431,2764.67,1.035,0.149,0.1564,1.67,12.93,1.4251,1.7454,0.0,0.000198
C1_l1_vanilla_20260921_005556,5500,77.0058,1651.77,1.137,0.139,0.161,1.63,13.3,1.2106,1.4767,0.0,0.000198
C1_l1_vanilla_20260921_005556,5550,75.9121,1898.3,1.086,0.147,0.1655,1.72,12.68,1.2165,1.3984,0.0,0.000198
C1_l1_vanilla_20260921_005556,5600,75.6232,2818.44,0.97,0.162,0.1624,1.68,12.28,1.2582,1.4568,0.0,0.000198
C1_l1_vanilla_20260921_005556,5650,72.6579,1637.19,1.066,0.137,0.1548,1.69,13.02,1.0721,1.2214,0.0,0.000198
C1_l1_vanilla_20260921_005556,5700,75.5325,2478.53,0.953,0.169,0.1626,1.76,12.17,1.372,1.5732,0.0,0.000198
C1_l1_vanilla_20260921_005556,5750,73.3271,2004.54,1.08,0.154,0.1594,1.71,12.4,1.2048,1.4504,0.0,0.000198
C1_l1_vanilla_20260921_005556,5800,71.5109,1536.98,1.037,0.135,0.1623,1.73,12.13,1.1836,1.3834,0.0,0.000198
C1_l1_vanilla_20260921_005556,5850,68.2643,1882.74,1.027,0.132,0.1511,1.72,12.34,0.99,1.1603,0.0,0.000198
C1_l1_vanilla_20260921_005556,5900,69.534,1795.54,1.082,0.133,0.1522,1.71,13.03,1.1182,1.3458,0.0,0.000198
C1_l1_vanilla_20260921_005556,5950,70.1388,1952.72,1.002,0.137,0.1574,1.81,12.56,1.2587,1.4973,0.0,0.000198
C1_l1_vanilla_20260921_005556,6000,67.1769,2204.39,1.022,0.134,0.1445,1.74,13.13,1.0468,1.2513,0.0,0.000198
C1_l1_vanilla_20260921_005556,6050,70.6357,1452.74,1.116,0.132,0.1531,1.8,12.68,1.3204,1.5396,0.0,0.000198
C1_l1_vanilla_20260921_005556,6100,70.2989,1933.59,0.99,0.127,0.1489,1.79,12.57,1.3971,1.545,0.0,0.000198
C1_l1_vanilla_20260921_005556,6150,68.8856,2292.39,1.02,0.139,0.156,1.83,12.7,1.2661,1.4599,0.0,0.000198
C1_l1_vanilla_20260921_005556,6200,68.4379,1830.82,1.102,0.139,0.1496,1.77,12.56,1.2132,1.4192,0.0,0.000198
C1_l1_vanilla_20260921_005556,6250,69.1265,2329.77,1.043,0.162,0.1603,1.8,12.35,1.1879,1.4768,0.0,0.000198
C1_l1_vanilla_20260921_005556,6300,66.9464,2108.97,1.014,0.129,0.1521,1.79,12.91,1.1263,1.2955,0.0,0.000198
C1_l1_vanilla_20260921_005556,6350,66.5629,2053.51,0.997,0.13,0.1455,1.77,12.82,1.0856,1.2906,0.0,0.000197
C1_l1_vanilla_20260921_005556,6400,70.7409,1928.28,1.021,0.132,0.1453,1.84,12.93,1.3355,1.8024,0.0,0.000197
C1_l1_vanilla_20260921_005556,6450,64.9355,3094.24,1.006,0.158,0.1489,1.8,12.51,0.9703,1.146,0.0,0.000197
C1_l1_vanilla_20260921_005556,6500,65.3182,2291.83,0.965,0.141,0.1529,1.83,12.22,1.0898,1.2471,0.0,0.000197
C1_l1_vanilla_20260921_005556,6550,69.1359,2620.55,1.027,0.142,0.1509,1.89,12.45,1.3682,1.5616,0.0,0.000197
C1_l1_vanilla_20260921_005556,6600,68.1456,2378.75,0.945,0.139,0.1539,1.92,12.04,1.3014,1.5503,0.0,0.000197
C1_l1_vanilla_20260921_005556,6650,68.1712,2337.59,0.991,0.134,0.1504,1.94,12.5,1.3135,1.4602,0.0,0.000197
C1_l1_vanilla_20260921_005556,6700,68.1978,2061.35,1.019,0.137,0.1617,1.93,11.95,1.327,1.4937,0.0,0.000197
C1_l1_vanilla_20260921_005556,6750,67.0768,1751.31,0.988,0.129,0.1552,1.84,12.72,1.2351,1.4493,0.0,0.000197
C1_l1_vanilla_20260921_005556,6800,65.9104,1735.68,1.214,0.14,0.1634,1.87,12.43,1.1389,1.2888,0.0,0.000197
C1_l1_vanilla_20260921_005556,6850,67.2124,1956.98,1.005,0.129,0.1551,1.84,12.09,1.2742,1.5339,0.0,0.000197
C1_l1_vanilla_20260921_005556,6900,60.7827,1986.14,1.088,0.118,0.1402,1.9,12.69,0.8571,0.955,0.0,0.000197
C1_l1_vanilla_20260921_005556,6950,62.7896,1634.57,1.024,0.118,0.144,1.93,12.65,1.0468,1.1929,0.0,0.000197
C1_l1_vanilla_20260921_005556,7000,70.6572,3035.99,0.992,0.177,0.1534,1.92,12.48,1.5233,1.8155,0.0,0.000197
C1_l1_vanilla_20260921_005556,7050,62.0203,1715.83,1.047,0.123,0.1447,1.96,12.34,0.9958,1.1654,0.0,0.000197
C1_l1_vanilla_20260921_005556,7100,61.5641,3150.63,1.022,0.137,0.1421,1.93,12.71,0.9356,1.0892,0.0,0.000197
C1_l1_vanilla_20260921_005556,7150,62.3999,1755.64,0.928,0.132,0.1455,1.95,12.01,1.0794,1.2365,0.0,0.000197
C1_l1_vanilla_20260921_005556,7200,63.4464,1892.34,1.002,0.133,0.146,2.04,12.37,1.158,1.3654,0.0,0.000197
C1_l1_vanilla_20260921_005556,7250,64.2455,1747.11,0.986,0.131,0.1456,1.99,12.82,1.2209,1.395,0.0,0.000197
C1_l1_vanilla_20260921_005556,7300,64.8549,1348.78,0.921,0.122,0.1472,1.97,12.29,1.342,1.5373,0.0,0.000197
C1_l1_vanilla_20260921_005556,7350,61.6443,2421.89,0.982,0.136,0.1393,2.0,12.6,1.0406,1.2035,0.0,0.000197
C1_l1_vanilla_20260921_005556,7400,59.4268,1979.94,0.999,0.117,0.1387,2.06,12.58,0.9276,1.0359,0.0,0.000196
C1_l1_vanilla_20260921_005556,7450,60.9003,1999.21,0.936,0.123,0.1422,2.0,12.61,1.044,1.1685,0.0,0.000196
C1_l1_vanilla_20260921_005556,7500,58.159,1497.62,0.957,0.115,0.1387,2.01,12.61,0.8673,0.9624,0.0,0.000196
C1_l1_vanilla_20260921_005556,7550,61.8211,2123.29,0.955,0.122,0.1319,2.07,12.96,1.1728,1.3425,0.0,0.000196
C1_l1_vanilla_20260921_005556,7600,55.5477,2236.14,1.102,0.115,0.1312,2.11,12.64,0.7194,0.7598,0.0,0.000196
C1_l1_vanilla_20260921_005556,7650,60.5056,1515.66,0.974,0.115,0.1387,2.08,12.93,1.0914,1.2698,0.0,0.000196
C1_l1_vanilla_20260921_005556,7700,58.0769,1559.67,0.942,0.112,0.1328,2.16,12.52,0.9932,1.0979,0.0,0.000196
C1_l1_vanilla_20260921_005556,7750,58.2033,2227.16,0.952,0.123,0.1334,2.11,12.71,0.9772,1.0573,0.0,0.000196
C1_l1_vanilla_20260921_005556,7800,58.8028,2171.95,0.941,0.137,0.1395,2.12,12.12,1.0122,1.1415,0.0,0.000196
C1_l1_vanilla_20260921_005556,7850,60.8218,1601.28,0.953,0.111,0.1359,2.16,12.32,1.2335,1.4077,0.0,0.000196
C1_l1_vanilla_20260921_005556,7900,60.8746,2003.39,0.961,0.126,0.1426,2.13,12.61,1.1575,1.3683,0.0,0.000196
C1_l1_vanilla_20260921_005556,7950,58.6912,1827.63,0.956,0.113,0.1373,2.17,12.71,1.0491,1.1458,0.0,0.000196
C1_l1_vanilla_20260921_005556,8000,57.7355,1345.23,0.952,0.112,0.1314,2.17,12.06,1.0421,1.1521,0.0,0.000196
C1_l1_vanilla_20260921_005556,8050,58.426,1627.13,0.974,0.118,0.1307,2.19,12.6,1.1159,1.2529,0.0,0.000196
C1_l1_vanilla_20260921_005556,8100,58.7092,2093.97,1.08,0.126,0.1359,2.19,12.42,1.0486,1.2028,0.0,0.000196
C1_l1_vanilla_20260921_005556,8150,58.869,2030.96,0.997,0.12,0.1319,2.22,12.93,1.0802,1.2091,0.0,0.000196
C1_l1_vanilla_20260921_005556,8200,59.4445,1430.37,0.976,0.114,0.1363,2.25,12.89,1.1515,1.3655,0.0,0.000196
C1_l1_vanilla_20260921_005556,8250,56.642,1349.9,0.949,0.104,0.1283,2.24,12.2,0.9922,1.0951,0.0,0.000196
C1_l1_vanilla_20260921_005556,8300,55.0178,1942.39,1.023,0.103,0.1254,2.3,13.29,0.8736,0.9512,0.0,0.000196
C1_l1_vanilla_20260921_005556,8350,56.7522,1588.27,0.969,0.117,0.1369,2.28,12.51,0.9978,1.1297,0.0,0.000195
C1_l1_vanilla_20260921_005556,8400,57.6867,1351.33,1.101,0.105,0.1281,2.32,13.08,1.0655,1.1645,0.0,0.000195
C1_l1_vanilla_20260921_005556,8450,53.6029,1350.43,0.937,0.097,0.1242,2.34,12.8,0.8003,0.8134,0.0,0.000195
C1_l1_vanilla_20260921_005556,8500,55.2375,1779.13,0.922,0.108,0.1274,2.41,12.49,0.8868,1.0356,0.0,0.000195
C1_l1_vanilla_20260921_005556,8550,57.056,1414.38,0.967,0.111,0.1311,2.4,12.69,1.0455,1.1422,0.0,0.000195
C1_l1_vanilla_20260921_005556,8600,55.4576,1874.0,0.952,0.107,0.1259,2.42,12.69,0.9365,1.0061,0.0,0.000195
C1_l1_vanilla_20260921_005556,8650,56.3659,1775.98,0.929,0.106,0.1293,2.43,12.41,0.9996,1.1137,0.0,0.000195
C1_l1_vanilla_20260921_005556,8700,57.2584,1704.55,0.962,0.106,0.1318,2.47,11.81,1.0849,1.1903,0.0,0.000195
C1_l1_vanilla_20260921_005556,8750,56.3229,1718.05,0.948,0.107,0.1289,2.49,12.29,0.9901,1.1239,0.0,0.000195
C1_l1_vanilla_20260921_005556,8800,55.0201,1543.3,1.0,0.102,0.1248,2.49,12.95,0.9276,1.0959,0.0,0.000195
C1_l1_vanilla_20260921_005556,8850,54.7349,1495.51,0.961,0.101,0.1254,2.51,12.68,0.9242,1.0294,0.0,0.000195
C1_l1_vanilla_20260921_005556,8900,56.0558,1463.71,0.943,0.108,0.1237,2.53,12.33,1.0337,1.158,0.0,0.000195
C1_l1_vanilla_20260921_005556,8950,57.412,1745.28,0.966,0.103,0.1281,2.51,12.76,1.1133,1.2716,0.0,0.000195
C1_l1_vanilla_20260921_005556,9000,55.3433,1687.06,0.942,0.1,0.1236,2.58,12.97,0.9134,1.0676,0.0,0.000195
C1_l1_vanilla_20260921_005556,9050,59.844,2190.68,0.979,0.105,0.1262,2.54,11.89,1.317,1.4622,0.0,0.000195
C1_l1_vanilla_20260921_005556,9100,54.9827,1300.89,0.914,0.1,0.1259,2.57,12.34,0.9801,1.083,0.0,0.000195
C1_l1_vanilla_20260921_005556,9150,52.3386,1223.29,1.022,0.09,0.1192,2.68,13.16,0.7801,0.784,0.0,0.000195
C1_l1_vanilla_20260921_005556,9200,51.19,1626.83,0.906,0.093,0.1154,2.72,12.5,0.7441,0.7837,0.0,0.000194
C1_l1_vanilla_20260921_005556,9250,54.8402,1034.05,0.959,0.098,0.1263,2.67,12.4,1.0024,1.1038,0.0,0.000194
C1_l1_vanilla_20260921_005556,9300,55.2384,1481.0,0.962,0.094,0.1245,2.64,12.94,0.9937,1.1158,0.0,0.000194
C1_l1_vanilla_20260921_005556,9350,53.6649,1532.9,0.931,0.093,0.1192,2.72,12.34,0.8997,1.0322,0.0,0.000194
C1_l1_vanilla_20260921_005556,9400,55.2119,1613.88,0.962,0.095,0.1175,2.78,12.57,1.0395,1.1608,0.0,0.000194
C1_l1_vanilla_20260921_005556,9450,54.9331,1306.98,0.899,0.097,0.1285,2.73,12.51,0.9831,1.1187,0.0,0.000194
C1_l1_vanilla_20260921_005556,9500,53.954,1758.41,0.912,0.097,0.1195,2.78,12.61,0.9016,1.0104,0.0,0.000194
C1_l1_vanilla_20260921_005556,9550,57.4678,1472.07,0.872,0.097,0.1228,2.73,12.07,1.2514,1.3286,0.0,0.000194
C1_l1_vanilla_20260921_005556,9600,57.0926,1777.44,0.941,0.094,0.1211,2.78,13.0,1.1929,1.3519,0.0,0.000194
C1_l1_vanilla_20260921_005556,9650,54.9077,1953.05,0.944,0.103,0.1222,2.79,12.46,0.9848,1.1277,0.0,0.000194
C1_l1_vanilla_20260921_005556,9700,51.927,1285.76,0.896,0.094,0.1153,2.8,12.21,0.8215,0.9205,0.0,0.000194
C1_l1_vanilla_20260921_005556,9750,53.1929,1612.87,0.917,0.09,0.1145,2.86,12.49,0.9174,1.0549,0.0,0.000194
C1_l1_vanilla_20260921_005556,9800,54.136,1516.23,0.969,0.094,0.1214,2.75,12.79,0.9531,1.0197,0.0,0.000194
C1_l1_vanilla_20260921_005556,9850,51.9063,1827.19,0.895,0.106,0.1199,2.85,12.41,0.8195,0.907,0.0,0.000194
C1_l1_vanilla_20260921_005556,9900,53.7712,1295.15,0.917,0.096,0.12,2.83,12.66,0.9312,1.0293,0.0,0.000194
C1_l1_vanilla_20260921_005556,9950,52.9399,1122.05,0.93,0.086,0.1162,2.93,12.87,0.9056,1.0283,0.0,0.000193
C1_l1_vanilla_20260921_005556,10000,52.0967,1874.59,0.99,0.091,0.1152,2.94,12.89,0.8175,0.9241,0.0,0.000193
C1_l1_vanilla_20260921_005556,10050,53.9583,1407.1,0.92,0.091,0.1172,2.88,12.42,0.983,1.125,0.0,0.000193
C1_l1_vanilla_20260921_005556,10100,54.028,1248.56,0.992,0.087,0.1212,2.89,12.17,0.9731,1.0863,0.0,0.000193
C1_l1_vanilla_20260921_005556,10150,53.0444,1532.01,0.913,0.089,0.1182,2.95,12.95,0.9181,1.0694,0.0,0.000193
C1_l1_vanilla_20260921_005556,10200,53.9995,1962.91,0.927,0.094,0.1133,3.01,12.48,0.9756,1.0956,0.0,0.000193
C1_l1_vanilla_20260921_005556,10250,52.073,1514.64,0.919,0.095,0.1219,2.96,12.1,0.8456,0.939,0.0,0.000193
C1_l1_vanilla_20260921_005556,10300,52.6339,1869.86,0.902,0.092,0.1104,3.03,12.41,0.9265,0.9996,0.0,0.000193
C1_l1_vanilla_20260921_005556,10350,53.7152,1199.64,0.954,0.086,0.1169,3.05,12.51,1.0136,1.1114,0.0,0.000193
C1_l1_vanilla_20260921_005556,10400,55.3186,1519.1,0.929,0.095,0.1143,2.99,12.53,0.96,1.3145,0.0,0.000193
C1_l1_vanilla_20260921_005556,10450,52.5239,1435.49,0.913,0.088,0.112,3.07,12.19,0.9419,1.0359,0.0,0.000193
C1_l1_vanilla_20260921_005556,10500,56.2396,1559.05,0.904,0.096,0.1199,2.94,12.34,1.1773,1.3563,0.0,0.000193
C1_l1_vanilla_20260921_005556,10550,51.7977,1664.78,0.955,0.083,0.1081,3.14,12.68,0.862,0.9825,0.0,0.000193
C1_l1_vanilla_20260921_005556,10600,51.2846,1084.18,0.961,0.082,0.1094,3.13,12.65,0.8251,0.9219,0.0,0.000193
C1_l1_vanilla_20260921_005556,10650,52.056,1385.4,0.96,0.08,0.112,3.12,12.82,0.9021,1.0129,0.0,0.000192
C1_l1_vanilla_20260921_005556,10700,53.1793,1247.95,0.912,0.086,0.1129,3.14,11.96,1.0146,1.1085,0.0,0.000192
C1_l1_vanilla_20260921_005556,10750,53.5749,1160.48,0.922,0.088,0.1119,3.1,12.4,1.0335,1.1069,0.0,0.000192
C1_l1_vanilla_20260921_005556,10800,54.052,1318.38,0.953,0.085,0.1158,3.1,12.83,1.042,1.1707,0.0,0.000192
C1_l1_vanilla_20260921_005556,10850,52.1942,1339.26,0.931,0.082,0.1115,3.13,12.49,0.9142,1.0566,0.0,0.000192
C1_l1_vanilla_20260921_005556,10900,50.9614,1163.19,1.087,0.082,0.1113,3.2,12.59,0.8028,0.9083,0.0,0.000192
C1_l1_vanilla_20260921_005556,10950,50.5303,1106.46,0.924,0.084,0.1088,3.19,12.46,0.8337,0.8983,0.0,0.000192
C1_l1_vanilla_20260921_005556,11000,53.9879,1316.52,0.929,0.085,0.115,3.17,12.24,1.0937,1.192,0.0,0.000192
C1_l1_vanilla_20260921_005556,11050,55.6989,1905.96,0.955,0.098,0.1191,3.08,12.61,1.1406,1.3028,0.0,0.000192
C1_l1_vanilla_20260921_005556,11100,53.0583,1447.5,0.919,0.091,0.1157,3.13,12.39,0.99,1.0593,0.0,0.000192
C1_l1_vanilla_20260921_005556,11150,48.6491,1775.98,0.957,0.081,0.1073,3.23,12.65,0.6785,0.7044,0.0,0.000192
C1_l1_vanilla_20260921_005556,11200,52.4118,1290.68,0.929,0.083,0.1049,3.17,12.83,0.9929,1.0545,0.0,0.000192
C1_l1_vanilla_20260921_005556,11250,51.7584,1753.27,0.941,0.085,0.1064,3.24,12.87,0.9405,1.0026,0.0,0.000192
C1_l1_vanilla_20260921_005556,11300,50.4535,1242.98,0.88,0.08,0.1095,3.29,11.84,0.8537,1.0069,0.0,0.000191
C1_l1_vanilla_20260921_005556,11350,51.4115,1396.05,0.898,0.082,0.1195,3.23,12.91,0.8757,0.9722,0.0,0.000191
C1_l1_vanilla_20260921_005556,11400,51.6877,1561.78,0.943,0.084,0.1114,3.23,12.54,0.9254,0.9831,0.0,0.000191
C1_l1_vanilla_20260921_005556,11450,53.3049,1503.34,0.866,0.083,0.1074,3.25,11.84,1.1143,1.1885,0.0,0.000191
C1_l1_vanilla_20260921_005556,11500,52.072,1221.18,0.969,0.079,0.1069,3.35,12.37,0.9613,1.0553,0.0,0.000191
C1_l1_vanilla_20260921_005556,11550,52.9913,1207.93,0.954,0.081,0.1103,3.31,13.1,1.0251,1.1199,0.0,0.000191
C1_l1_vanilla_20260921_005556,11600,53.3828,1875.34,0.969,0.084,0.1082,3.32,13.06,1.0544,1.1605,0.0,0.000191
C1_l1_vanilla_20260921_005556,11650,50.3856,1155.89,0.936,0.083,0.1082,3.41,12.24,0.8347,0.9007,0.0,0.000191
C1_l1_vanilla_20260921_005556,11700,49.7911,1152.94,0.934,0.081,0.1052,3.33,12.19,0.8246,0.8899,0.0,0.000191
C1_l1_vanilla_20260921_005556,11750,49.3587,1129.37,0.947,0.077,0.1042,3.37,12.33,0.7977,0.8629,0.0,0.000191
C1_l1_vanilla_20260921_005556,11800,48.7225,1155.23,0.92,0.074,0.1017,3.46,12.31,0.7728,0.8163,0.0,0.000191
C1_l1_vanilla_20260921_005556,11850,49.4735,1187.94,0.938,0.076,0.1038,3.45,13.25,0.7942,0.8684,0.0,0.000191
C1_l1_vanilla_20260921_005556,11900,52.6013,1219.84,0.933,0.079,0.1115,3.35,12.9,1.016,1.1834,0.0,0.000191
C1_l1_vanilla_20260921_005556,11950,49.7674,1360.55,0.951,0.075,0.1,3.47,12.26,0.8961,0.9665,0.0,0.00019
C1_l1_vanilla_20260921_005556,12000,49.5786,1313.87,0.866,0.077,0.1048,3.48,12.26,0.8473,0.9171,0.0,0.00019
C1_l1_vanilla_20260921_005556,12050,49.2669,1496.23,0.924,0.078,0.1008,3.53,12.83,0.8437,0.8771,0.0,0.00019
C1_l1_vanilla_20260921_005556,12100,50.2354,1421.3,0.951,0.084,0.1064,3.45,13.29,0.8482,0.9366,0.0,0.00019
C1_l1_vanilla_20260921_005556,12150,49.2235,1255.39,0.952,0.083,0.1057,3.48,12.78,0.7896,0.8472,0.0,0.00019
C1_l1_vanilla_20260921_005556,12200,50.1622,1692.91,0.944,0.089,0.1107,3.49,12.91,0.8428,0.9006,0.0,0.00019
C1_l1_vanilla_20260921_005556,12250,50.8567,1504.37,0.902,0.089,0.1065,3.44,12.17,0.9221,1.011,0.0,0.00019
C1_l1_vanilla_20260921_005556,12300,50.8872,2023.41,0.903,0.096,0.1091,3.35,12.4,0.895,1.0303,0.0,0.00019
C1_l1_vanilla_20260921_005556,12350,47.6989,1829.74,0.945,0.08,0.0975,3.54,13.2,0.6937,0.7205,0.0,0.00019
C1_l1_vanilla_20260921_005556,12400,52.9704,1646.57,0.888,0.095,0.1189,3.31,12.01,1.0574,1.1892,0.0,0.00019
C1_l1_vanilla_20260921_005556,12450,47.7995,1709.38,0.844,0.083,0.0995,3.52,12.05,0.7397,0.7611,0.0,0.00019
C1_l1_vanilla_20260921_005556,12500,48.2798,1860.71,0.924,0.08,0.1036,3.52,12.62,0.7494,0.7765,0.0,0.00019
C1_l1_vanilla_20260921_005556,12550,49.5573,1949.31,0.873,0.085,0.1027,3.5,12.47,0.8672,0.9225,0.0,0.000189
C1_l1_vanilla_20260921_005556,12600,49.5699,1795.37,0.885,0.084,0.1018,3.56,12.39,0.8567,0.9317,0.0,0.000189
C1_l1_vanilla_20260921_005556,12650,48.4255,1690.59,0.879,0.082,0.0998,3.58,12.52,0.7962,0.8278,0.0,0.000189
C1_l1_vanilla_20260921_005556,12700,49.9346,1962.66,0.927,0.084,0.1045,3.55,12.77,0.895,0.9342,0.0,0.000189
C1_l1_vanilla_20260921_005556,12750,50.5001,1565.17,0.875,0.082,0.1029,3.56,12.21,0.9583,1.0735,0.0,0.000189
C1_l1_vanilla_20260921_005556,12800,48.4736,1180.42,0.896,0.083,0.1035,3.55,12.92,0.7928,0.8535,0.0,0.000189
C1_l1_vanilla_20260921_005556,12850,49.2226,1236.81,0.915,0.085,0.1031,3.52,12.43,0.8759,0.9314,0.0,0.000189
C1_l1_vanilla_20260921_005556,12900,51.2996,1361.16,0.92,0.087,0.1068,3.5,12.41,1.0008,1.1009,0.0,0.000189
C1_l1_vanilla_20260921_005556,12950,49.4665,1415.75,0.851,0.082,0.0998,3.61,12.14,0.919,1.0171,0.0,0.000189
C1_l1_vanilla_20260921_005556,13000,46.4949,1627.68,0.906,0.078,0.0986,3.66,12.6,0.6874,0.7188,0.0,0.000189
C1_l1_vanilla_20260921_005556,13050,47.4081,1285.62,0.874,0.077,0.0959,3.67,12.33,0.7607,0.7848,0.0,0.000189
C1_l1_vanilla_20260921_005556,13100,45.3534,1407.13,0.872,0.074,0.0919,3.78,12.61,0.6294,0.6097,0.0,0.000188
C1_l1_vanilla_20260921_005556,13150,47.8812,1284.28,0.866,0.078,0.0973,3.71,12.46,0.8219,0.874,0.0,0.000188
C1_l1_vanilla_20260921_005556,13200,50.0546,1555.41,0.864,0.082,0.1009,3.64,12.64,0.9584,1.0218,0.0,0.000188
C1_l1_vanilla_20260921_005556,13250,53.0661,1766.05,0.849,0.078,0.0985,3.74,12.15,1.0339,1.4308,0.0,0.000188
C1_l1_vanilla_20260921_005556,13300,48.476,2041.06,0.897,0.086,0.0995,3.66,13.27,0.7835,0.8589,0.0,0.000188
C1_l1_vanilla_20260921_005556,13350,45.3403,1128.67,0.904,0.076,0.0929,3.78,13.06,0.6294,0.6107,0.0,0.000188
C1_l1_vanilla_20260921_005556,13400,46.8689,1511.98,0.829,0.077,0.093,3.84,12.35,0.7413,0.8138,0.0,0.000188
C1_l1_vanilla_20260921_005556,13450,47.1249,2018.37,0.865,0.078,0.0933,3.79,12.92,0.7797,0.8214,0.0,0.000188
C1_l1_vanilla_20260921_005556,13500,48.0493,1234.56,0.854,0.079,0.095,3.76,12.46,0.8145,0.8718,0.0,0.000188
C1_l1_vanilla_20260921_005556,13550,47.2735,1327.87,0.836,0.08,0.099,3.75,12.12,0.7864,0.8102,0.0,0.000188
C1_l1_vanilla_20260921_005556,13600,46.2252,1328.08,0.936,0.076,0.0958,3.79,12.97,0.6911,0.7158,0.0,0.000188
C1_l1_vanilla_20260921_005556,13650,47.1113,1305.66,0.859,0.077,0.0913,3.88,12.4,0.7838,0.825,0.0,0.000187
C1_l1_vanilla_20260921_005556,13700,46.3998,1300.88,0.89,0.076,0.093,3.85,13.14,0.741,0.7418,0.0,0.000187
C1_l1_vanilla_20260921_005556,13750,46.2714,1206.49,0.828,0.073,0.0914,3.88,12.15,0.7876,0.8048,0.0,0.000187
C1_l1_vanilla_20260921_005556,13800,48.2645,1463.48,0.868,0.079,0.0988,3.82,12.52,0.8351,0.8578,0.0,0.000187
C1_l1_vanilla_20260921_005556,13850,49.0679,1298.92,0.92,0.08,0.099,3.77,12.71,0.9515,0.9871,0.0,0.000187
C1_l1_vanilla_20260921_005556,13900,48.8107,1598.09,0.845,0.08,0.0976,3.84,12.52,0.9244,0.9412,0.0,0.000187
C1_l1_vanilla_20260921_005556,13950,51.1962,1371.39,0.842,0.076,0.0903,3.94,12.41,1.1401,1.1671,0.0,0.000187
C1_l1_vanilla_20260921_005556,14000,46.0277,1460.27,0.873,0.073,0.0901,3.94,12.92,0.7403,0.7433,0.0,0.000187
C1_l1_vanilla_20260921_005556,14050,47.2029,1580.65,0.842,0.076,0.0929,3.89,11.9,0.8267,0.9017,0.0,0.000187
C1_l1_vanilla_20260921_005556,14100,46.0784,1694.31,0.948,0.077,0.0955,3.82,12.21,0.7346,0.7498,0.0,0.000187
C1_l1_vanilla_20260921_005556,14150,47.6743,1360.83,0.824,0.078,0.0976,3.76,12.02,0.8509,0.8935,0.0,0.000187
C1_l1_vanilla_20260921_005556,14200,46.9165,1382.74,0.842,0.074,0.0925,3.83,11.83,0.8429,0.9172,0.0,0.000186
C1_l1_vanilla_20260921_005556,14250,48.6948,1423.92,0.908,0.076,0.0978,3.89,12.77,0.9143,0.953,0.0,0.000186
C1_l1_vanilla_20260921_005556,14300,46.4289,1396.45,0.829,0.079,0.097,3.92,12.14,0.7679,0.8433,0.0,0.000186
C1_l1_vanilla_20260921_005556,14350,43.5459,1222.2,0.861,0.074,0.0896,4.0,12.41,0.5692,0.596,0.0,0.000186
C1_l1_vanilla_20260921_005556,14400,46.5725,1717.71,0.832,0.077,0.0948,3.93,11.97,0.8034,0.8554,0.0,0.000186
C1_l1_vanilla_20260921_005556,14450,46.3166,1803.67,0.822,0.074,0.0945,3.98,11.98,0.7673,0.7928,0.0,0.000186
C1_l1_vanilla_20260921_005556,14500,45.7676,1308.93,0.842,0.075,0.0918,3.93,12.2,0.7631,0.7628,0.0,0.000186
C1_l1_vanilla_20260921_005556,14550,49.1605,1632.06,0.826,0.08,0.095,3.9,12.18,0.9657,1.1542,0.0,0.000186
C1_l1_vanilla_20260921_005556,14600,45.329,1181.3,0.846,0.073,0.0918,4.0,12.8,0.6911,0.7538,0.0,0.000186
C1_l1_vanilla_20260921_005556,14650,49.0062,1468.12,0.87,0.077,0.0997,3.8,12.06,0.9599,1.0677,0.0,0.000186
C1_l1_vanilla_20260921_005556,14700,45.737,1842.56,0.809,0.077,0.0935,3.92,12.43,0.7358,0.7831,0.0,0.000185
C1_l1_vanilla_20260921_005556,14750,45.9091,1282.75,0.886,0.077,0.0898,4.1,13.4,0.7306,0.747,0.0,0.000185
C1_l1_vanilla_20260921_005556,14800,46.4747,1926.55,0.825,0.078,0.0929,4.0,12.04,0.8158,0.8888,0.0,0.000185
C1_l1_vanilla_20260921_005556,14850,45.2242,1419.34,0.83,0.074,0.0905,4.03,12.51,0.6946,0.7148,0.0,0.000185
C1_l1_vanilla_20260921_005556,14900,46.3756,1128.91,0.863,0.072,0.0887,4.11,12.34,0.8227,0.8589,0.0,0.000185
C1_l1_vanilla_20260921_005556,14950,46.279,1702.26,0.816,0.077,0.0915,4.03,11.75,0.777,0.8384,0.0,0.000185
C1_l1_vanilla_20260921_005556,15000,46.7385,1227.09,0.88,0.074,0.0952,4.0,12.75,0.8324,0.8188,0.0,0.000185
C1_l1_vanilla_20260921_005556,15050,45.4199,1425.77,0.829,0.074,0.0942,3.97,12.16,0.7315,0.7831,0.0,0.000185
C1_l1_vanilla_20260921_005556,15100,43.4615,1033.88,0.841,0.07,0.0859,4.15,12.56,0.6407,0.666,0.0,0.000185
C1_l1_vanilla_20260921_005556,15150,43.4399,1165.14,0.834,0.073,0.0876,4.15,12.62,0.6011,0.6126,0.0,0.000185
C1_l1_vanilla_20260921_005556,15200,46.956,1411.17,0.803,0.074,0.0923,4.03,11.94,0.8543,0.9401,0.0,0.000184
C1_l1_vanilla_20260921_005556,15250,45.4772,1304.44,0.864,0.071,0.0884,4.11,12.69,0.7522,0.8108,0.0,0.000184
C1_l1_vanilla_20260921_005556,15300,45.1053,1596.58,0.823,0.073,0.0889,4.11,12.48,0.7361,0.7875,0.0,0.000184
C1_l1_vanilla_20260921_005556,15350,46.626,1319.28,0.829,0.074,0.0989,4.06,12.42,0.8317,0.8586,0.0,0.000184
C1_l1_vanilla_20260921_005556,15400,43.6615,1302.67,0.866,0.069,0.0839,4.25,12.9,0.6307,0.6176,0.0,0.000184
C1_l1_vanilla_20260921_005556,15450,44.0935,1235.07,0.862,0.07,0.0858,4.19,12.82,0.6512,0.6686,0.0,0.000184
C1_l1_vanilla_20260921_005556,15500,44.1278,1488.75,0.957,0.075,0.0899,4.1,12.52,0.6777,0.7031,0.0,0.000184
C1_l1_vanilla_20260921_005556,15550,49.7093,1630.87,0.828,0.075,0.0917,4.1,12.7,0.8815,1.305,0.0,0.000184
C1_l1_vanilla_20260921_005556,15600,45.1107,1473.32,0.814,0.072,0.0918,4.15,12.03,0.7542,0.8226,0.0,0.000184
C1_l1_vanilla_20260921_005556,15650,48.8717,1267.78,0.831,0.076,0.0922,4.11,12.33,0.9007,1.2102,0.0,0.000183
C1_l1_vanilla_20260921_005556,15700,45.0531,1488.76,0.833,0.071,0.0885,4.2,12.9,0.6986,0.7714,0.0,0.000183
C1_l1_vanilla_20260921_005556,15750,45.6004,1193.65,0.849,0.074,0.0903,4.11,12.17,0.794,0.8511,0.0,0.000183
C1_l1_vanilla_20260921_005556,15800,45.6194,1761.56,0.841,0.074,0.0926,4.06,12.18,0.765,0.8334,0.0,0.000183
C1_l1_vanilla_20260921_005556,15850,47.3771,1284.72,0.841,0.071,0.0911,4.1,12.54,0.9532,1.0004,0.0,0.000183
C1_l1_vanilla_20260921_005556,15900,47.0639,1135.26,0.858,0.072,0.0903,4.1,12.31,0.9325,0.9654,0.0,0.000183
C1_l1_vanilla_20260921_005556,15950,45.8032,1617.41,0.804,0.072,0.0869,4.22,12.69,0.8038,0.8584,0.0,0.000183
C1_l1_vanilla_20260921_005556,16000,46.3533,1250.43,0.848,0.073,0.0914,4.1,12.27,0.8508,0.8628,0.0,0.000183
C1_l1_vanilla_20260921_005556,16050,45.4121,1364.77,0.84,0.07,0.089,4.25,12.79,0.7906,0.8427,0.0,0.000183
C1_l1_vanilla_20260921_005556,16100,45.9778,1296.85,0.831,0.072,0.0901,4.2,12.87,0.8114,0.9179,0.0,0.000183
C1_l1_vanilla_20260921_005556,16150,44.9407,1717.43,0.838,0.07,0.0887,4.28,12.88,0.6981,0.7585,0.0,0.000182
C1_l1_vanilla_20260921_005556,16200,46.1221,1188.74,0.851,0.072,0.0892,4.22,12.62,0.8591,0.8347,0.0,0.000182
C1_l1_vanilla_20260921_005556,16250,44.1773,1428.1,0.84,0.071,0.0895,4.2,12.34,0.6957,0.7455,0.0,0.000182
C1_l1_vanilla_20260921_005556,16300,43.8354,1337.98,0.868,0.072,0.0922,4.18,12.63,0.6598,0.65,0.0,0.000182
C1_l1_vanilla_20260921_005556,16350,45.2424,1430.13,0.856,0.07,0.0881,4.27,12.97,0.7935,0.8464,0.0,0.000182
C1_l1_vanilla_20260921_005556,16400,45.1258,1088.43,0.828,0.07,0.0894,4.25,12.18,0.7918,0.8509,0.0,0.000182
C1_l1_vanilla_20260921_005556,16450,45.5602,1494.0,0.859,0.068,0.089,4.27,12.8,0.8012,0.8396,0.0,0.000182
C1_l1_vanilla_20260921_005556,16500,43.533,1196.69,0.842,0.069,0.0863,4.24,12.33,0.7186,0.7234,0.0,0.000182
C1_l1_vanilla_20260921_005556,16550,45.9835,1158.14,0.782,0.07,0.0879,4.29,12.35,0.8804,0.8886,0.0,0.000182
C1_l1_vanilla_20260921_005556,16600,42.8223,1194.02,0.837,0.065,0.0802,4.4,12.42,0.6688,0.655,0.0,0.000181
C1_l1_vanilla_20260921_005556,16650,44.0159,1257.75,0.903,0.069,0.0893,4.15,12.78,0.7063,0.7146,0.0,0.000181
C1_l1_vanilla_20260921_005556,16700,49.1233,1846.45,0.798,0.07,0.0857,4.34,12.36,0.9017,1.3662,0.0,0.000181
C1_l1_vanilla_20260921_005556,16750,43.5457,1220.27,0.839,0.071,0.0882,4.28,12.92,0.6876,0.6729,0.0,0.000181
C1_l1_vanilla_20260921_005556,16800,44.8039,1577.13,0.853,0.07,0.087,4.2,12.55,0.7496,0.7997,0.0,0.000181
C1_l1_vanilla_20260921_005556,16850,43.3338,1449.43,0.843,0.07,0.0855,4.29,12.56,0.6768,0.7026,0.0,0.000181
C1_l1_vanilla_20260921_005556,16900,44.2242,1305.07,0.849,0.069,0.0892,4.3,13.2,0.7138,0.7359,0.0,0.000181
C1_l1_vanilla_20260921_005556,16950,45.5814,1637.67,0.886,0.071,0.0911,4.21,12.23,0.8038,0.8392,0.0,0.000181
C1_l1_vanilla_20260921_005556,17000,43.985,1246.83,0.845,0.074,0.091,4.2,12.35,0.6919,0.7053,0.0,0.000181
C1_l1_vanilla_20260921_005556,17050,45.655,1555.23,0.831,0.071,0.09,4.22,12.32,0.8232,0.9231,0.0,0.00018
C1_l1_vanilla_20260921_005556,17100,44.7437,1617.39,0.822,0.07,0.0868,4.26,12.53,0.7734,0.8219,0.0,0.00018
C1_l1_vanilla_20260921_005556,17150,46.7431,1137.83,0.818,0.069,0.0851,4.38,12.38,0.9394,0.9947,0.0,0.00018
C1_l1_vanilla_20260921_005556,17200,45.4052,1749.66,0.814,0.072,0.0876,4.23,12.6,0.833,0.906,0.0,0.00018
C1_l1_vanilla_20260921_005556,17250,44.3285,1292.17,0.875,0.072,0.0875,4.29,13.07,0.7279,0.7944,0.0,0.00018
C1_l1_vanilla_20260921_005556,17300,42.2102,1212.59,0.78,0.065,0.0781,4.55,12.22,0.6244,0.6831,0.0,0.00018
C1_l1_vanilla_20260921_005556,17350,44.2383,1090.61,0.859,0.069,0.0871,4.26,12.28,0.7771,0.7827,0.0,0.00018
C1_l1_vanilla_20260921_005556,17400,44.7054,990.41,0.847,0.07,0.0872,4.3,12.37,0.7669,0.8519,0.0,0.00018
C1_l1_vanilla_20260921_005556,17450,45.7653,1173.48,0.817,0.072,0.0897,4.24,12.16,0.8604,0.986,0.0,0.000179
C1_l1_vanilla_20260921_005556,17500,42.4088,1360.51,0.835,0.069,0.0811,4.39,12.23,0.6427,0.6542,0.0,0.000179
C1_l1_vanilla_20260921_005556,17550,44.6249,1774.2,0.832,0.07,0.0875,4.37,13.1,0.7502,0.8072,0.0,0.000179
C1_l1_vanilla_20260921_005556,17600,42.6144,1239.89,0.818,0.068,0.0839,4.37,12.62,0.6675,0.6662,0.0,0.000179
C1_l1_vanilla_20260921_005556,17650,44.2,1305.45,0.78,0.069,0.0848,4.4,12.41,0.7575,0.7899,0.0,0.000179
C1_l1_vanilla_20260921_005556,17700,42.166,1153.89,0.819,0.067,0.0841,4.37,12.48,0.6225,0.6382,0.0,0.000179
C1_l1_vanilla_20260921_005556,17750,43.3925,1535.83,0.826,0.067,0.0837,4.4,12.67,0.6858,0.7291,0.0,0.000179
C1_l1_vanilla_20260921_005556,17800,43.7122,1337.06,0.791,0.067,0.0846,4.42,12.85,0.7338,0.7714,0.0,0.000179
C1_l1_vanilla_20260921_005556,17850,42.5604,1160.02,0.869,0.07,0.0833,4.44,13.16,0.6716,0.672,0.0,0.000179
C1_l1_vanilla_20260921_005556,17900,41.4908,1339.59,0.854,0.068,0.0821,4.4,12.55,0.5743,0.6027,0.0,0.000178
C1_l1_vanilla_20260921_005556,17950,42.9805,1361.08,0.84,0.069,0.0871,4.34,12.6,0.6663,0.6656,0.0,0.000178
C1_l1_vanilla_20260921_005556,18000,42.7574,1305.11,0.863,0.068,0.0839,4.48,13.07,0.6427,0.6841,0.0,0.000178
C1_l1_vanilla_20260921_005556,18050,43.2215,1398.81,0.793,0.069,0.0881,4.41,12.53,0.6861,0.7022,0.0,0.000178
C1_l1_vanilla_20260921_005556,18100,44.2775,1170.03,0.836,0.07,0.0866,4.38,12.2,0.7712,0.8106,0.0,0.000178
C1_l1_vanilla_20260921_005556,18150,42.9902,1288.32,0.843,0.073,0.0881,4.32,12.08,0.7026,0.6901,0.0,0.000178
C1_l1_vanilla_20260921_005556,18200,42.5151,1635.67,0.817,0.068,0.0817,4.51,12.74,0.6435,0.6719,0.0,0.000178
C1_l1_vanilla_20260921_005556,18250,43.3664,1221.11,0.828,0.07,0.0905,4.22,12.23,0.7139,0.743,0.0,0.000178
C1_l1_vanilla_20260921_005556,18300,44.4367,1047.75,0.813,0.068,0.0841,4.49,12.41,0.8363,0.8446,0.0,0.000177
C1_l1_vanilla_20260921_005556,18350,44.8909,1266.75,0.819,0.069,0.087,4.38,12.18,0.8378,0.8722,0.0,0.000177
C1_l1_vanilla_20260921_005556,18400,44.0435,1105.14,0.841,0.067,0.0838,4.41,12.68,0.7718,0.8238,0.0,0.000177
C1_l1_vanilla_20260921_005556,18450,43.0133,1282.55,0.805,0.067,0.0813,4.48,12.26,0.7696,0.7701,0.0,0.000177
C1_l1_vanilla_20260921_005556,18500,43.9445,1126.28,0.835,0.07,0.08,4.59,12.95,0.7844,0.814,0.0,0.000177
C1_l1_vanilla_20260921_005556,18550,43.5072,1220.56,0.829,0.068,0.0847,4.49,12.58,0.7194,0.7417,0.0,0.000177
C1_l1_vanilla_20260921_005556,18600,43.8275,1520.94,0.831,0.071,0.0886,4.32,12.19,0.7534,0.8363,0.0,0.000177
C1_l1_vanilla_20260921_005556,18650,43.6191,1399.73,0.825,0.067,0.0812,4.57,12.64,0.7471,0.7753,0.0,0.000177
C1_l1_vanilla_20260921_005556,18700,48.2038,1281.15,0.773,0.067,0.0874,4.36,11.93,0.9409,1.3464,0.0,0.000176
C1_l1_vanilla_20260921_005556,18750,43.7803,1275.86,0.79,0.065,0.081,4.48,12.06,0.7759,0.8181,0.0,0.000176
C1_l1_vanilla_20260921_005556,18800,42.2569,1141.02,0.825,0.066,0.0799,4.54,12.62,0.661,0.6989,0.0,0.000176
C1_l1_vanilla_20260921_005556,18850,42.8452,1693.72,0.855,0.068,0.0822,4.56,13.22,0.6624,0.6913,0.0,0.000176
C1_l1_vanilla_20260921_005556,18900,41.3868,1401.99,0.817,0.066,0.0796,4.57,12.79,0.5956,0.6329,0.0,0.000176
C1_l1_vanilla_20260921_005556,18950,44.8288,1080.61,0.898,0.069,0.0844,4.36,13.2,0.8319,0.8894,0.0,0.000176
C1_l1_vanilla_20260921_005556,19000,43.796,1260.77,0.809,0.066,0.0828,4.51,12.47,0.8127,0.8287,0.0,0.000176
C1_l1_vanilla_20260921_005556,19050,43.3488,1198.54,0.854,0.067,0.0818,4.49,12.34,0.7256,0.792,0.0,0.000176
C1_l1_vanilla_20260921_005556,19100,42.2152,1066.25,0.814,0.067,0.0838,4.45,12.86,0.6869,0.7091,0.0,0.000175
C1_l1_vanilla_20260921_005556,19150,42.3977,1221.39,0.856,0.067,0.0839,4.53,12.79,0.6473,0.6613,0.0,0.000175
C1_l1_vanilla_20260921_005556,19200,42.7705,1111.89,0.831,0.067,0.0818,4.5,12.53,0.7187,0.7192,0.0,0.000175
C1_l1_vanilla_20260921_005556,19250,42.1479,1339.31,0.84,0.069,0.0828,4.48,12.47,0.6555,0.69,0.0,0.000175
C1_l1_vanilla_20260921_005556,19300,42.0375,1152.5,0.827,0.064,0.078,4.59,12.57,0.6812,0.6997,0.0,0.000175
C1_l1_vanilla_20260921_005556,19350,40.6507,1190.32,0.821,0.066,0.0789,4.6,12.39,0.5656,0.5617,0.0,0.000175
C1_l1_vanilla_20260921_005556,19400,42.9636,1408.7,0.834,0.065,0.0788,4.66,12.59,0.6975,0.751,0.0,0.000175
C1_l1_vanilla_20260921_005556,19450,42.0552,1377.83,0.85,0.07,0.0891,4.38,11.97,0.6408,0.6605,0.0,0.000175
C1_l1_vanilla_20260921_005556,19500,45.3069,1358.09,0.775,0.065,0.079,4.63,12.25,0.7593,1.1173,0.0,0.000174
C1_l1_vanilla_20260921_005556,19550,41.2477,1092.37,0.845,0.066,0.0806,4.57,12.69,0.6225,0.6138,0.0,0.000174
C1_l1_vanilla_20260921_005556,19600,40.9813,1375.33,0.851,0.067,0.0791,4.63,12.69,0.5845,0.5783,0.0,0.000174
B1_bgcap_20260922_024641,50,63.8019,105.37,0.0,0.286,,0.0,0.0,0.5139,0.4251,0.0,2e-05
B1_bgcap_20260922_024641,100,63.1119,343.04,0.0,0.29,,0.0,0.0,0.4721,0.4219,0.0,4e-05
B1_bgcap_20260922_024641,150,63.8222,506.62,0.0,0.247,,0.0,0.0,0.4624,0.4165,0.0,6e-05
B1_bgcap_20260922_024641,200,63.2395,665.44,0.0,0.239,,0.0,0.0,0.4588,0.4556,0.0,8e-05
B1_bgcap_20260922_024641,250,66.2,718.38,0.0,0.253,,0.0,0.0,0.4739,0.4585,0.0,0.0001
B1_bgcap_20260922_024641,300,68.504,802.15,0.0,0.211,,0.0,0.0,0.4686,0.5438,0.0,0.00012
B1_bgcap_20260922_024641,350,72.3477,606.99,0.0,0.21,,0.0,0.0,0.4671,0.5133,0.0,0.00014
B1_bgcap_20260922_024641,400,74.9582,462.99,0.0,0.199,,0.0,0.0,0.4591,0.4732,0.0,0.00016
B1_bgcap_20260922_024641,450,76.9887,281.07,0.0,0.192,,0.0,0.0,0.456,0.4425,0.0,0.00018
B1_bgcap_20260922_024641,500,77.7627,227.81,0.0,0.175,,0.0,0.0,0.443,0.4157,0.0,0.0002
B1_bgcap_20260922_024641,550,79.5909,206.33,0.0,0.184,,0.0,0.0,0.4394,0.4031,0.0,0.0002
B1_bgcap_20260922_024641,600,79.1082,165.82,0.0,0.161,,0.0,0.0,0.4234,0.3918,0.0,0.0002
B1_bgcap_20260922_024641,650,79.0537,177.79,0.0,0.162,,0.0,0.0,0.4206,0.3912,0.0,0.0002
B1_bgcap_20260922_024641,700,79.021,200.19,0.0,0.166,,0.0,0.0,0.4185,0.3958,0.0,0.0002
B1_bgcap_20260922_024641,750,78.6068,159.49,0.0,0.148,,0.0,0.0,0.4048,0.3762,0.0,0.0002
B1_bgcap_20260922_024641,800,78.5875,196.34,0.0,0.15,,0.0,0.0,0.4061,0.3744,0.0,0.0002
B1_bgcap_20260922_024641,850,78.3434,203.88,0.0,0.14,,0.0,0.0,0.3955,0.368,0.0,0.0002
B1_bgcap_20260922_024641,900,77.2182,160.55,0.0,0.134,,0.0,0.0,0.3929,0.361,0.0,0.0002
B1_bgcap_20260922_024641,950,76.9754,194.79,0.0,0.137,,0.0,0.0,0.3925,0.355,0.0,0.0002
B1_bgcap_20260922_024641,1000,76.2897,179.51,0.0,0.132,,0.0,0.0,0.3856,0.346,0.0,0.0002
B1_bgcap_20260922_024641,1050,75.55,158.89,0.0,0.122,,0.0,0.0,0.3784,0.3346,0.0,0.0002
B1_bgcap_20260922_024641,1100,75.2003,174.52,0.0,0.121,,0.0,0.0,0.3753,0.331,0.0,0.0002
B1_bgcap_20260922_024641,1150,74.5359,176.79,0.0,0.12,,0.0,0.0,0.3714,0.3208,0.0,0.0002
B1_bgcap_20260922_024641,1200,73.5473,183.43,0.0,0.112,,0.0,0.0,0.3704,0.3237,0.0,0.0002
B1_bgcap_20260922_024641,1250,94.0796,273.89,707.886,0.115,0.2932,1.23,12.69,0.3692,0.3151,0.0,0.0002
B1_bgcap_20260922_024641,1300,89.9536,153.78,1.417,0.108,0.2946,1.34,12.57,0.3616,0.3018,0.0,0.0002
B1_bgcap_20260922_024641,1350,88.6927,151.68,1.32,0.102,0.2885,1.34,12.41,0.3548,0.2915,0.0,0.0002
B1_bgcap_20260922_024641,1400,89.0201,167.82,1.348,0.106,0.2863,1.35,12.54,0.354,0.2838,0.0,0.0002
B1_bgcap_20260922_024641,1450,88.1833,146.08,1.154,0.102,0.2562,1.41,12.12,0.3541,0.2858,0.0,0.0002
B1_bgcap_20260922_024641,1500,87.8772,153.02,1.093,0.096,0.2407,1.56,11.91,0.3466,0.2736,0.0,0.0002
B1_bgcap_20260922_024641,1550,87.256,164.09,1.088,0.098,0.2137,1.62,12.4,0.3491,0.2717,0.0,0.0002
B1_bgcap_20260922_024641,1600,87.1358,157.87,1.236,0.094,0.1939,1.69,12.99,0.3415,0.2604,0.0,0.0002
B1_bgcap_20260922_024641,1650,86.8535,158.83,1.1,0.093,0.1858,1.73,12.35,0.3386,0.2502,0.0,0.0002
B1_bgcap_20260922_024641,1700,86.6422,149.08,1.081,0.086,0.1752,1.77,12.55,0.3304,0.2357,0.0,0.0002
B1_bgcap_20260922_024641,1750,86.4597,161.77,1.023,0.088,0.1764,1.93,12.56,0.3338,0.2409,0.0,0.0002
B1_bgcap_20260922_024641,1800,86.2432,153.42,1.049,0.083,0.1706,1.88,12.9,0.3253,0.2247,0.0,0.0002
B1_bgcap_20260922_024641,1850,85.6633,171.26,0.885,0.087,0.174,2.12,11.81,0.3312,0.2336,0.0,0.0002
B1_bgcap_20260922_024641,1900,85.6064,172.55,0.881,0.083,0.1657,2.0,12.25,0.3236,0.2216,0.0,0.0002
B1_bgcap_20260922_024641,1950,85.4291,158.69,0.924,0.079,0.1623,2.04,12.67,0.318,0.2144,0.0,0.0002
B1_bgcap_20260922_024641,2000,84.8354,143.1,0.813,0.079,0.1658,2.2,11.45,0.3203,0.2148,0.0,0.0002
B1_bgcap_20260922_024641,2050,84.7005,160.21,0.839,0.079,0.1619,2.19,11.85,0.3168,0.2086,0.0,0.0002
B1_bgcap_20260922_024641,2100,84.6259,155.85,0.877,0.076,0.158,2.15,12.35,0.3127,0.2035,0.0,0.0002
B1_bgcap_20260922_024641,2150,84.3131,187.75,0.837,0.076,0.1548,2.12,12.1,0.3112,0.2024,0.0,0.0002
B1_bgcap_20260922_024641,2200,84.0774,171.16,0.831,0.075,0.1536,2.23,12.48,0.3081,0.1961,0.0,0.0002
B1_bgcap_20260922_024641,2250,84.4224,163.76,0.846,0.075,0.1557,2.27,12.55,0.3078,0.1949,0.0,0.0002
B1_bgcap_20260922_024641,2300,84.0252,154.96,0.824,0.072,0.1541,2.22,12.58,0.3042,0.185,0.0,0.0002
B1_bgcap_20260922_024641,2350,83.8057,144.94,0.826,0.07,0.1503,2.22,12.81,0.299,0.1783,0.0,0.0002
B1_bgcap_20260922_024641,2400,83.1009,156.3,0.809,0.07,0.1447,2.26,12.08,0.2965,0.1779,0.0,0.0002
B1_bgcap_20260922_024641,2450,83.5935,167.6,0.819,0.072,0.1487,2.23,12.31,0.2978,0.1789,0.0,0.0002
B1_bgcap_20260922_024641,2500,83.4028,187.5,0.8,0.072,0.1482,2.3,12.36,0.2982,0.1833,0.0,0.0002
B1_bgcap_20260922_024641,2550,83.1735,166.61,0.829,0.068,0.1416,2.21,12.35,0.2911,0.17,0.0,0.0002
B1_bgcap_20260922_024641,2600,83.386,178.07,0.851,0.071,0.148,2.25,12.5,0.2938,0.174,0.0,0.0002
B1_bgcap_20260922_024641,2650,82.7823,144.68,0.828,0.069,0.1453,2.26,12.23,0.2937,0.1731,0.0,0.0002
B1_bgcap_20260922_024641,2700,82.0425,154.64,0.798,0.062,0.1371,2.23,12.24,0.2823,0.1613,0.0,0.0002
B1_bgcap_20260922_024641,2750,81.6512,153.21,0.821,0.063,0.1311,2.24,12.66,0.2799,0.1567,0.0,0.0002
B1_bgcap_20260922_024641,2800,81.088,174.03,0.829,0.062,0.1361,2.27,12.46,0.2777,0.1597,0.0,0.0002
B1_bgcap_20260922_024641,2850,80.5279,154.94,0.839,0.062,0.1339,2.27,12.74,0.2752,0.1567,0.0,0.0002
B1_bgcap_20260922_024641,2900,79.8383,166.77,0.777,0.066,0.1426,2.36,12.36,0.2853,0.1649,0.0,0.0002
B1_bgcap_20260922_024641,2950,78.8354,147.15,0.764,0.063,0.1412,2.41,12.04,0.2807,0.1591,0.0,0.0002
B1_bgcap_20260922_024641,3000,78.0163,142.52,0.758,0.063,0.1352,2.4,12.2,0.2771,0.1575,0.0,0.0002
B1_bgcap_20260922_024641,3050,77.4957,173.8,0.791,0.062,0.1327,2.33,12.58,0.2739,0.1572,0.0,0.0002
B1_bgcap_20260922_024641,3100,76.84,157.36,0.779,0.061,0.1371,2.4,12.47,0.2748,0.1565,0.0,0.000199
B1_bgcap_20260922_024641,3150,75.779,167.59,0.739,0.063,0.1388,2.45,11.97,0.2769,0.1602,0.0,0.000199
B1_bgcap_20260922_024641,3200,75.3882,159.5,0.807,0.06,0.129,2.36,13.33,0.2651,0.1478,0.0,0.000199
B1_bgcap_20260922_024641,3250,74.6183,159.45,0.886,0.06,0.1321,2.39,11.98,0.2668,0.1516,0.0,0.000199
B1_bgcap_20260922_024641,3300,73.8148,161.0,0.773,0.06,0.1297,2.41,12.14,0.2663,0.1542,0.0,0.000199
B1_bgcap_20260922_024641,3350,72.8359,143.51,0.768,0.059,0.1252,2.43,12.21,0.2622,0.1501,0.0,0.000199
B1_bgcap_20260922_024641,3400,72.5991,153.16,0.778,0.059,0.1265,2.44,12.38,0.2627,0.1499,0.0,0.000199
B1_bgcap_20260922_024641,3450,71.9707,166.67,0.776,0.061,0.1315,2.51,12.38,0.2657,0.1541,0.0,0.000199
B1_bgcap_20260922_024641,3500,71.4355,147.13,0.779,0.058,0.1327,2.49,12.38,0.2608,0.1472,0.0,0.000199
B1_bgcap_20260922_024641,3550,70.2157,161.52,0.768,0.057,0.1268,2.51,12.05,0.2579,0.1487,0.0,0.000199
B1_bgcap_20260922_024641,3600,69.7848,164.9,0.762,0.059,0.1323,2.51,11.76,0.2623,0.153,0.0,0.000199
B1_bgcap_20260922_024641,3650,69.0189,152.06,0.788,0.056,0.1212,2.47,12.28,0.2513,0.1429,0.0,0.000199
B1_bgcap_20260922_024641,3700,68.811,153.54,0.794,0.056,0.1277,2.54,12.53,0.2561,0.1504,0.0,0.000199
B1_bgcap_20260922_024641,3750,67.5925,148.66,0.806,0.055,0.121,2.52,12.2,0.2511,0.1409,0.0,0.000199
B1_bgcap_20260922_024641,3800,66.9918,144.33,0.767,0.056,0.1219,2.55,12.38,0.25,0.1407,0.0,0.000199
B1_bgcap_20260922_024641,3850,66.4302,144.31,0.788,0.055,0.1228,2.58,12.95,0.2485,0.1397,0.0,0.000199
B1_bgcap_20260922_024641,3900,65.7275,123.82,0.821,0.052,0.1162,2.53,13.18,0.2386,0.1316,0.0,0.000199
B1_bgcap_20260922_024641,3950,65.1927,153.24,0.803,0.053,0.1215,2.62,12.9,0.2461,0.1403,0.0,0.000199
B1_bgcap_20260922_024641,4000,64.475,174.0,0.762,0.057,0.1261,2.63,11.82,0.2519,0.1482,0.0,0.000199
B1_bgcap_20260922_024641,4050,63.6062,143.8,0.804,0.053,0.1171,2.63,12.81,0.2414,0.14,0.0,0.000199
B1_bgcap_20260922_024641,4100,63.0817,145.67,0.777,0.055,0.124,2.67,12.21,0.2461,0.1389,0.0,0.000199
B1_bgcap_20260922_024641,4150,62.4871,137.93,0.782,0.054,0.1218,2.65,12.57,0.2441,0.14,0.0,0.000199
B1_bgcap_20260922_024641,4200,61.6685,168.5,0.771,0.053,0.1204,2.72,12.25,0.2425,0.1411,0.0,0.000199
B1_bgcap_20260922_024641,4250,61.2106,140.26,0.841,0.053,0.12,2.7,12.25,0.2396,0.1368,0.0,0.000199
B1_bgcap_20260922_024641,4300,60.0045,166.45,0.781,0.051,0.1122,2.7,12.66,0.2355,0.135,0.0,0.000199
B1_bgcap_20260922_024641,4350,59.4329,135.7,0.772,0.052,0.1137,2.74,12.3,0.2337,0.133,0.0,0.000199
B1_bgcap_20260922_024641,4400,58.7163,148.02,0.786,0.052,0.1125,2.74,12.42,0.2348,0.1366,0.0,0.000199
B1_bgcap_20260922_024641,4450,58.3167,139.55,0.8,0.052,0.115,2.83,12.92,0.2356,0.1336,0.0,0.000199
B1_bgcap_20260922_024641,4500,57.8792,137.14,0.773,0.055,0.1216,2.84,12.65,0.239,0.1391,0.0,0.000199
B1_bgcap_20260922_024641,4550,57.6121,154.44,0.772,0.059,0.1237,2.8,11.85,0.2452,0.1453,0.0,0.000199
B1_bgcap_20260922_024641,4600,56.5139,140.63,0.836,0.049,0.1105,2.81,13.14,0.227,0.128,0.0,0.000199
B1_bgcap_20260922_024641,4650,55.9565,149.33,0.823,0.05,0.1127,2.82,12.74,0.2268,0.1295,0.0,0.000199
B1_bgcap_20260922_024641,4700,55.4233,137.53,0.807,0.05,0.1125,2.85,12.72,0.2306,0.1323,0.0,0.000199
B1_bgcap_20260922_024641,4750,54.4877,150.08,0.805,0.052,0.1128,2.87,12.43,0.2331,0.1366,0.0,0.000199
B1_bgcap_20260922_024641,4800,53.9491,133.69,0.8,0.054,0.1154,2.94,12.1,0.2348,0.1387,0.0,0.000199
B1_bgcap_20260922_024641,4850,53.32,141.87,0.816,0.051,0.1119,2.92,12.6,0.2299,0.134,0.0,0.000199
B1_bgcap_20260922_024641,4900,52.5808,151.44,0.799,0.051,0.1119,2.96,12.0,0.2278,0.134,0.0,0.000199
B1_bgcap_20260922_024641,4950,52.1667,148.18,0.81,0.052,0.1151,3.0,12.19,0.2308,0.1368,0.0,0.000199
B1_bgcap_20260922_024641,5000,51.3546,149.55,0.787,0.052,0.1146,3.04,12.2,0.2304,0.1354,0.0,0.000199
B1_bgcap_20260922_024641,5050,50.7137,143.86,0.813,0.051,0.1119,2.96,11.81,0.2266,0.1352,0.0,0.000198
B1_bgcap_20260922_024641,5100,50.1101,156.31,0.837,0.05,0.1088,3.01,12.57,0.223,0.1337,0.0,0.000198
B1_bgcap_20260922_024641,5150,49.1822,141.08,0.82,0.048,0.1069,3.07,12.25,0.2188,0.1291,0.0,0.000198
B1_bgcap_20260922_024641,5200,48.801,132.8,0.814,0.051,0.1109,3.12,12.3,0.2267,0.1348,0.0,0.000198
B1_bgcap_20260922_024641,5250,48.2318,162.35,0.827,0.051,0.112,3.14,12.68,0.2273,0.1347,0.0,0.000198
B1_bgcap_20260922_024641,5300,47.5934,159.86,0.842,0.049,0.1081,3.13,12.8,0.221,0.1312,0.0,0.000198
B1_bgcap_20260922_024641,5350,46.8563,157.62,0.836,0.05,0.1086,3.14,12.46,0.2233,0.1362,0.0,0.000198
B1_bgcap_20260922_024641,5400,46.0996,150.3,0.833,0.051,0.1085,3.17,12.48,0.2245,0.135,0.0,0.000198
B1_bgcap_20260922_024641,5450,45.5241,151.69,0.818,0.051,0.1073,3.18,12.81,0.2198,0.1304,0.0,0.000198
B1_bgcap_20260922_024641,5500,45.1566,134.32,0.866,0.052,0.1079,3.18,13.13,0.222,0.1294,0.0,0.000198
B1_bgcap_20260922_024641,5550,44.2668,153.75,0.84,0.049,0.1112,3.26,12.51,0.2225,0.1351,0.0,0.000198
B1_bgcap_20260922_024641,5600,43.5042,120.19,0.814,0.05,0.1107,3.31,12.11,0.2221,0.1315,0.0,0.000198
B1_bgcap_20260922_024641,5650,42.7533,145.03,0.844,0.048,0.1045,3.3,12.92,0.2147,0.1249,0.0,0.000198
B1_bgcap_20260922_024641,5700,42.1842,137.98,0.865,0.051,0.11,3.31,11.98,0.2225,0.1338,0.0,0.000198
B1_bgcap_20260922_024641,5750,41.5815,156.13,0.853,0.049,0.1059,3.33,12.26,0.2197,0.1334,0.0,0.000198
B1_bgcap_20260922_024641,5800,40.7153,125.34,0.824,0.051,0.1063,3.31,11.95,0.2197,0.1313,0.0,0.000198
B1_bgcap_20260922_024641,5850,40.2546,141.24,0.828,0.049,0.1043,3.35,12.19,0.2146,0.1297,0.0,0.000198
B1_bgcap_20260922_024641,5900,39.5056,133.75,0.857,0.046,0.102,3.38,12.94,0.2087,0.1231,0.0,0.000198
B1_bgcap_20260922_024641,5950,38.7642,136.93,0.835,0.049,0.106,3.44,12.39,0.2165,0.1281,0.0,0.000198
B1_bgcap_20260922_024641,6000,38.5429,143.49,0.887,0.046,0.1,3.43,13.03,0.2064,0.1235,0.0,0.000198
B1_bgcap_20260922_024641,6050,38.3681,127.84,0.925,0.049,0.1023,3.45,12.55,0.2123,0.1273,0.0,0.000198
B1_bgcap_20260922_024641,6100,37.8711,135.8,0.882,0.048,0.1017,3.43,12.45,0.2109,0.127,0.0,0.000198
B1_bgcap_20260922_024641,6150,37.9619,134.73,0.871,0.049,0.1052,3.46,12.49,0.2176,0.1313,0.0,0.000198
B1_bgcap_20260922_024641,6200,37.757,151.44,0.897,0.048,0.1033,3.49,12.42,0.2137,0.1325,0.0,0.000198
B1_bgcap_20260922_024641,6250,37.6083,136.26,0.867,0.049,0.1058,3.48,12.19,0.2172,0.132,0.0,0.000198
B1_bgcap_20260922_024641,6300,37.1717,142.18,0.895,0.048,0.101,3.53,12.76,0.2132,0.1291,0.0,0.000198
B1_bgcap_20260922_024641,6350,36.79,157.92,0.889,0.044,0.0972,3.58,12.73,0.2021,0.1222,0.0,0.000197
B1_bgcap_20260922_024641,6400,37.0803,142.79,0.885,0.048,0.1016,3.55,12.81,0.2079,0.1249,0.0,0.000197
B1_bgcap_20260922_024641,6450,36.8935,138.86,0.882,0.048,0.1032,3.53,12.37,0.2099,0.1261,0.0,0.000197
B1_bgcap_20260922_024641,6500,36.3434,133.12,0.875,0.047,0.1016,3.57,12.08,0.2107,0.1299,0.0,0.000197
B1_bgcap_20260922_024641,6550,36.5799,173.55,0.87,0.048,0.1026,3.57,12.29,0.2141,0.1352,0.0,0.000197
B1_bgcap_20260922_024641,6600,36.07,157.22,0.863,0.049,0.1022,3.54,11.87,0.2151,0.1326,0.0,0.000197
B1_bgcap_20260922_024641,6650,35.99,136.64,0.86,0.048,0.0997,3.62,12.36,0.2084,0.1277,0.0,0.000197
B1_bgcap_20260922_024641,6700,35.9518,142.4,0.856,0.05,0.1075,3.51,11.76,0.2164,0.1336,0.0,0.000197
B1_bgcap_20260922_024641,6750,35.6941,150.09,0.881,0.048,0.101,3.61,12.55,0.2092,0.1291,0.0,0.000197
B1_bgcap_20260922_024641,6800,35.3281,138.25,0.892,0.048,0.1026,3.6,12.23,0.2131,0.1327,0.0,0.000197
B1_bgcap_20260922_024641,6850,34.8494,143.67,0.866,0.048,0.0972,3.63,11.92,0.2086,0.131,0.0,0.000197
B1_bgcap_20260922_024641,6900,34.5107,152.12,0.864,0.044,0.0909,3.75,12.62,0.1985,0.1191,0.0,0.000197
B1_bgcap_20260922_024641,6950,34.6567,145.78,0.86,0.048,0.0961,3.71,12.51,0.2077,0.1272,0.0,0.000197
B1_bgcap_20260922_024641,7000,34.849,161.7,0.856,0.049,0.1013,3.67,12.28,0.2161,0.1377,0.0,0.000197
B1_bgcap_20260922_024641,7050,34.1984,128.36,0.879,0.05,0.0957,3.7,12.21,0.2074,0.1298,0.0,0.000197
B1_bgcap_20260922_024641,7100,34.1939,163.4,0.889,0.047,0.0935,3.74,12.6,0.2049,0.1296,0.0,0.000197
B1_bgcap_20260922_024641,7150,33.9664,143.92,0.852,0.049,0.0975,3.72,11.87,0.2094,0.1312,0.0,0.000197
B1_bgcap_20260922_024641,7200,33.889,150.47,0.874,0.049,0.1,3.74,12.18,0.2121,0.1317,0.0,0.000197
B1_bgcap_20260922_024641,7250,33.637,148.73,0.926,0.047,0.0961,3.78,12.66,0.206,0.1261,0.0,0.000197
B1_bgcap_20260922_024641,7300,33.8256,149.31,1.124,0.048,0.1015,3.75,12.08,0.2107,0.1304,0.0,0.000197
B1_bgcap_20260922_024641,7350,33.1529,146.84,0.876,0.046,0.0942,3.84,12.47,0.2017,0.1246,0.0,0.000197
B1_bgcap_20260922_024641,7400,33.1256,141.0,0.915,0.048,0.094,3.82,12.45,0.2034,0.1289,0.0,0.000196
B1_bgcap_20260922_024641,7450,32.6851,139.19,0.923,0.046,0.0931,3.91,12.44,0.2017,0.1241,0.0,0.000196
B1_bgcap_20260922_024641,7500,32.6004,157.08,0.901,0.046,0.0922,3.9,12.5,0.2005,0.1251,0.0,0.000196
B1_bgcap_20260922_024641,7550,32.1624,137.75,0.904,0.044,0.0892,3.98,12.86,0.1962,0.1192,0.0,0.000196
B1_bgcap_20260922_024641,7600,32.0265,151.66,0.847,0.045,0.0891,3.98,12.58,0.1954,0.1212,0.0,0.000196
B1_bgcap_20260922_024641,7650,32.557,137.65,1.121,0.047,0.0946,3.88,12.78,0.2037,0.1282,0.0,0.000196
B1_bgcap_20260922_024641,7700,32.1329,148.1,0.882,0.047,0.0949,3.95,12.38,0.2029,0.1272,0.0,0.000196
B1_bgcap_20260922_024641,7750,31.565,144.07,0.87,0.046,0.091,3.91,12.58,0.2005,0.1243,0.0,0.000196
B1_bgcap_20260922_024641,7800,31.3693,134.26,0.835,0.048,0.0948,3.93,11.95,0.2036,0.1273,0.0,0.000196
B1_bgcap_20260922_024641,7850,31.2079,141.42,0.871,0.047,0.0916,3.98,12.17,0.2011,0.1259,0.0,0.000196
B1_bgcap_20260922_024641,7900,31.4954,151.47,0.886,0.048,0.0967,3.89,12.42,0.2064,0.1318,0.0,0.000196
B1_bgcap_20260922_024641,7950,31.7747,147.68,0.933,0.046,0.0926,3.93,12.58,0.2007,0.1259,0.0,0.000196
B1_bgcap_20260922_024641,8000,31.2531,131.1,0.897,0.047,0.0902,3.89,11.94,0.2008,0.1259,0.0,0.000196
B1_bgcap_20260922_024641,8050,31.2158,118.08,0.928,0.045,0.0907,3.95,12.44,0.1984,0.1203,0.0,0.000196
B1_bgcap_20260922_024641,8100,31.0229,134.11,0.894,0.047,0.0908,3.98,12.27,0.1993,0.124,0.0,0.000196
B1_bgcap_20260922_024641,8150,31.0926,121.08,0.924,0.043,0.0903,4.04,12.81,0.1928,0.1176,0.0,0.000196
B1_bgcap_20260922_024641,8200,31.3506,150.08,0.938,0.047,0.0937,3.94,12.71,0.2043,0.1285,0.0,0.000196
B1_bgcap_20260922_024641,8250,30.7198,153.63,0.891,0.045,0.0875,4.03,12.09,0.1944,0.1232,0.0,0.000196
B1_bgcap_20260922_024641,8300,30.9278,141.12,0.947,0.045,0.0863,4.07,13.18,0.1936,0.1193,0.0,0.000196
B1_bgcap_20260922_024641,8350,31.1702,140.33,0.977,0.048,0.0952,3.95,12.3,0.2056,0.1301,0.0,0.000195
B1_bgcap_20260922_024641,8400,30.9551,147.61,0.968,0.045,0.088,4.08,12.95,0.1944,0.1204,0.0,0.000195
B1_bgcap_20260922_024641,8450,30.7145,136.13,0.909,0.043,0.0859,4.13,12.71,0.189,0.1187,0.0,0.000195
B1_bgcap_20260922_024641,8500,30.6427,133.26,0.929,0.046,0.0884,4.07,12.35,0.1953,0.1211,0.0,0.000195
B1_bgcap_20260922_024641,8550,30.705,140.22,0.952,0.045,0.0891,4.09,12.52,0.196,0.1221,0.0,0.000195
B1_bgcap_20260922_024641,8600,30.5506,142.96,0.985,0.045,0.086,4.13,12.56,0.1932,0.1215,0.0,0.000195
B1_bgcap_20260922_024641,8650,30.6668,148.89,0.912,0.046,0.0903,4.09,12.24,0.1976,0.1232,0.0,0.000195
B1_bgcap_20260922_024641,8700,30.8648,152.87,0.916,0.048,0.0942,3.99,11.62,0.2045,0.1341,0.0,0.000195
B1_bgcap_20260922_024641,8750,30.6985,139.39,0.944,0.047,0.0892,4.09,12.14,0.1975,0.1258,0.0,0.000195
B1_bgcap_20260922_024641,8800,30.4442,127.61,0.985,0.045,0.0871,4.12,12.79,0.1951,0.1212,0.0,0.000195
B1_bgcap_20260922_024641,8850,30.6323,147.64,0.931,0.045,0.0897,4.16,12.53,0.1957,0.1243,0.0,0.000195
B1_bgcap_20260922_024641,8900,30.2464,127.53,0.915,0.046,0.0879,4.15,12.2,0.1941,0.1209,0.0,0.000195
B1_bgcap_20260922_024641,8950,30.3483,140.7,0.917,0.046,0.0873,4.11,12.62,0.1971,0.1243,0.0,0.000195
B1_bgcap_20260922_024641,9000,30.4807,149.16,0.945,0.044,0.0862,4.26,12.87,0.1925,0.1203,0.0,0.000195
B1_bgcap_20260922_024641,9050,30.3854,155.35,0.944,0.047,0.0882,4.14,11.76,0.1974,0.1283,0.0,0.000195
B1_bgcap_20260922_024641,9100,30.2678,144.8,0.896,0.046,0.089,4.19,12.17,0.1955,0.1265,0.0,0.000195
B1_bgcap_20260922_024641,9150,30.3291,142.66,0.932,0.044,0.0862,4.29,13.02,0.1919,0.1229,0.0,0.000195
B1_bgcap_20260922_024641,9200,29.9827,140.58,0.895,0.043,0.0833,4.3,12.39,0.189,0.1184,0.0,0.000194
B1_bgcap_20260922_024641,9250,30.2601,150.04,0.933,0.047,0.0895,4.12,12.18,0.2011,0.1276,0.0,0.000194
B1_bgcap_20260922_024641,9300,30.1756,156.22,0.949,0.046,0.0858,4.22,12.76,0.1968,0.1268,0.0,0.000194
B1_bgcap_20260922_024641,9350,30.0248,137.93,0.926,0.045,0.0857,4.23,12.18,0.1924,0.1217,0.0,0.000194
B1_bgcap_20260922_024641,9400,29.9747,153.7,0.93,0.045,0.085,4.22,12.43,0.1936,0.1231,0.0,0.000194
B1_bgcap_20260922_024641,9450,30.1487,143.37,0.938,0.047,0.0901,4.14,12.29,0.1989,0.1265,0.0,0.000194
B1_bgcap_20260922_024641,9500,29.9195,125.82,0.968,0.045,0.084,4.28,12.47,0.1904,0.1212,0.0,0.000194
B1_bgcap_20260922_024641,9550,30.006,152.16,0.884,0.048,0.0886,4.16,11.92,0.1976,0.1283,0.0,0.000194
B1_bgcap_20260922_024641,9600,30.2771,142.72,0.94,0.046,0.0894,4.21,12.76,0.1984,0.1266,0.0,0.000194
B1_bgcap_20260922_024641,9650,30.1633,145.54,0.953,0.046,0.0893,4.21,12.28,0.1956,0.1263,0.0,0.000194
B1_bgcap_20260922_024641,9700,29.9072,159.0,0.911,0.047,0.0856,4.25,12.08,0.1917,0.1238,0.0,0.000194
B1_bgcap_20260922_024641,9750,29.867,148.7,1.017,0.044,0.0843,4.27,12.36,0.1908,0.1216,0.0,0.000194
B1_bgcap_20260922_024641,9800,30.1077,137.84,0.989,0.046,0.0871,4.21,12.61,0.1969,0.1257,0.0,0.000194
B1_bgcap_20260922_024641,9850,29.7171,129.86,0.952,0.046,0.0873,4.21,12.21,0.1964,0.1251,0.0,0.000194
B1_bgcap_20260922_024641,9900,30.0689,143.15,0.951,0.046,0.0869,4.2,12.53,0.1933,0.1248,0.0,0.000194
B1_bgcap_20260922_024641,9950,29.7674,120.71,0.963,0.045,0.0839,4.35,12.73,0.1915,0.1213,0.0,0.000193
B1_bgcap_20260922_024641,10000,29.8851,157.01,0.934,0.046,0.0853,4.35,12.77,0.1916,0.1252,0.0,0.000193
B1_bgcap_20260922_024641,10050,29.6937,152.1,0.941,0.046,0.0847,4.31,12.26,0.194,0.1257,0.0,0.000193
B1_bgcap_20260922_024641,10100,29.8324,142.88,0.98,0.046,0.087,4.27,11.99,0.1944,0.1265,0.0,0.000193
B1_bgcap_20260922_024641,10150,29.7387,166.85,0.946,0.045,0.0857,4.38,12.75,0.1911,0.1241,0.0,0.000193
B1_bgcap_20260922_024641,10200,29.6248,148.48,0.894,0.044,0.0848,4.38,12.34,0.1898,0.1226,0.0,0.000193
B1_bgcap_20260922_024641,10250,29.56,135.96,0.939,0.046,0.0858,4.25,11.93,0.1966,0.129,0.0,0.000193
B1_bgcap_20260922_024641,10300,29.0947,121.63,0.903,0.042,0.0808,4.41,12.32,0.1843,0.115,0.0,0.000193
B1_bgcap_20260922_024641,10350,29.5458,152.78,1.011,0.045,0.0845,4.3,12.33,0.1929,0.1234,0.0,0.000193
B1_bgcap_20260922_024641,10400,29.5874,153.58,0.926,0.045,0.0825,4.34,12.39,0.1913,0.1244,0.0,0.000193
B1_bgcap_20260922_024641,10450,29.5548,147.26,0.939,0.046,0.0851,4.32,12.03,0.1925,0.1232,0.0,0.000193
B1_bgcap_20260922_024641,10500,29.574,133.46,0.896,0.047,0.0882,4.27,12.14,0.1953,0.1249,0.0,0.000193
B1_bgcap_20260922_024641,10550,29.073,139.42,0.92,0.043,0.0795,4.51,12.57,0.1826,0.1171,0.0,0.000193
B1_bgcap_20260922_024641,10600,29.397,124.15,0.919,0.044,0.0805,4.48,12.56,0.1834,0.117,0.0,0.000193
B1_bgcap_20260922_024641,10650,29.2595,135.69,0.942,0.044,0.0823,4.43,12.65,0.1863,0.1177,0.0,0.000192
B1_bgcap_20260922_024641,10700,29.2231,146.17,0.892,0.045,0.0839,4.37,11.82,0.1907,0.1241,0.0,0.000192
B1_bgcap_20260922_024641,10750,29.3156,164.0,0.956,0.046,0.0845,4.33,12.24,0.1928,0.1267,0.0,0.000192
B1_bgcap_20260922_024641,10800,29.3286,129.65,0.946,0.045,0.0843,4.36,12.62,0.1918,0.1231,0.0,0.000192
B1_bgcap_20260922_024641,10850,29.344,142.04,0.94,0.044,0.0839,4.39,12.33,0.1875,0.1219,0.0,0.000192
B1_bgcap_20260922_024641,10900,29.001,130.39,0.915,0.043,0.0808,4.51,12.44,0.1843,0.118,0.0,0.000192
B1_bgcap_20260922_024641,10950,29.0342,122.15,0.921,0.045,0.0821,4.42,12.32,0.1866,0.1203,0.0,0.000192
B1_bgcap_20260922_024641,11000,29.2615,131.59,0.909,0.046,0.0856,4.35,12.06,0.1922,0.1242,0.0,0.000192
B1_bgcap_20260922_024641,11050,29.4554,150.3,1.045,0.048,0.0869,4.25,12.37,0.1996,0.1304,0.0,0.000192
B1_bgcap_20260922_024641,11100,29.1552,157.54,0.969,0.045,0.0832,4.4,12.23,0.1919,0.1253,0.0,0.000192
B1_bgcap_20260922_024641,11150,28.8201,127.21,0.914,0.042,0.0791,4.55,12.56,0.1807,0.1164,0.0,0.000192
B1_bgcap_20260922_024641,11200,28.8779,133.65,0.903,0.043,0.0797,4.58,12.71,0.1811,0.1158,0.0,0.000192
B1_bgcap_20260922_024641,11250,28.9614,136.52,0.953,0.045,0.0793,4.47,12.71,0.1881,0.1208,0.0,0.000192
B1_bgcap_20260922_024641,11300,28.7578,158.65,0.878,0.046,0.0812,4.43,11.7,0.1878,0.124,0.0,0.000191
B1_bgcap_20260922_024641,11350,29.1916,152.76,0.952,0.046,0.0844,4.41,12.71,0.1926,0.1259,0.0,0.000191
B1_bgcap_20260922_024641,11400,29.1337,163.58,0.914,0.045,0.0835,4.47,12.39,0.1896,0.1279,0.0,0.000191
B1_bgcap_20260922_024641,11450,28.8554,149.37,0.914,0.045,0.0831,4.43,11.69,0.1905,0.1255,0.0,0.000191
B1_bgcap_20260922_024641,11500,28.7718,146.28,0.916,0.043,0.08,4.56,12.23,0.1828,0.1182,0.0,0.000191
B1_bgcap_20260922_024641,11550,30.3717,169.12,1.794,0.045,0.0851,4.4,12.96,0.1883,0.1239,0.0,0.000191
B1_bgcap_20260922_024641,11600,29.3436,151.73,0.958,0.045,0.0835,4.43,12.89,0.1896,0.1243,0.0,0.000191
B1_bgcap_20260922_024641,11650,28.8837,145.7,0.905,0.044,0.0811,4.51,12.13,0.184,0.1213,0.0,0.000191
B1_bgcap_20260922_024641,11700,28.5738,142.43,0.934,0.044,0.079,4.56,12.08,0.1838,0.1205,0.0,0.000191
B1_bgcap_20260922_024641,11750,28.9562,137.75,0.922,0.045,0.0819,4.51,12.2,0.1862,0.1225,0.0,0.000191
B1_bgcap_20260922_024641,11800,28.5929,131.37,0.894,0.043,0.0789,4.63,12.22,0.1799,0.1178,0.0,0.000191
B1_bgcap_20260922_024641,11850,29.117,154.2,0.927,0.043,0.0823,4.61,13.11,0.183,0.1192,0.0,0.000191
B1_bgcap_20260922_024641,11900,28.9396,133.74,0.957,0.046,0.0824,4.49,12.68,0.1914,0.1239,0.0,0.000191
B1_bgcap_20260922_024641,11950,28.6133,138.36,0.921,0.043,0.0803,4.58,12.12,0.182,0.1178,0.0,0.00019
B1_bgcap_20260922_024641,12000,28.2532,151.36,0.914,0.043,0.0782,4.6,12.13,0.1819,0.12,0.0,0.00019
B1_bgcap_20260922_024641,12050,28.634,414.46,0.911,0.043,0.0786,4.69,12.74,0.1858,0.1114,0.0,0.00019
B1_bgcap_20260922_024641,12100,29.3154,457.13,0.971,0.044,0.085,4.57,13.12,0.2002,0.1173,0.0,0.00019
B1_bgcap_20260922_024641,12150,28.8729,418.27,0.893,0.045,0.0823,4.57,12.64,0.2023,0.1198,0.0,0.00019
B1_bgcap_20260922_024641,12200,29.1548,415.76,0.954,0.047,0.0833,4.47,12.74,0.2078,0.123,0.0,0.00019
B1_bgcap_20260922_024641,12250,28.6559,405.22,0.881,0.046,0.083,4.52,12.01,0.2043,0.1209,0.0,0.00019
B1_bgcap_20260922_024641,12300,28.9934,605.41,0.88,0.048,0.0842,4.48,12.22,0.2121,0.1254,0.0,0.00019
B1_bgcap_20260922_024641,12350,28.6485,411.25,0.909,0.043,0.0779,4.71,13.1,0.1956,0.1156,0.0,0.00019
B1_bgcap_20260922_024641,12400,29.138,446.82,0.9,0.05,0.0901,4.29,11.75,0.2243,0.132,0.0,0.00019
B1_bgcap_20260922_024641,12450,27.9814,429.15,0.843,0.044,0.076,4.72,11.98,0.1949,0.1162,0.0,0.00019
B1_bgcap_20260922_024641,12500,28.6058,460.34,0.852,0.045,0.0808,4.65,12.51,0.2023,0.1184,0.0,0.00019
B1_bgcap_20260922_024641,12550,28.3748,405.7,0.863,0.046,0.0797,4.57,12.31,0.2059,0.1214,0.0,0.000189
B1_bgcap_20260922_024641,12600,28.1537,437.51,0.89,0.045,0.077,4.67,12.25,0.1993,0.1193,0.0,0.000189
B1_bgcap_20260922_024641,12650,28.0816,440.04,0.852,0.045,0.0771,4.65,12.39,0.2002,0.1197,0.0,0.000189
B1_bgcap_20260922_024641,12700,28.473,428.15,0.883,0.046,0.0809,4.58,12.59,0.2044,0.121,0.0,0.000189
B1_bgcap_20260922_024641,12750,28.2036,418.8,0.85,0.047,0.079,4.56,12.03,0.2063,0.1237,0.0,0.000189
B1_bgcap_20260922_024641,12800,28.2422,432.37,0.878,0.045,0.0783,4.66,12.74,0.2052,0.121,0.0,0.000189
B1_bgcap_20260922_024641,12850,28.3892,438.31,0.862,0.047,0.0838,4.55,12.25,0.2084,0.1238,0.0,0.000189
B1_bgcap_20260922_024641,12900,28.2987,415.13,0.892,0.048,0.0829,4.43,12.17,0.2151,0.1287,0.0,0.000189
B1_bgcap_20260922_024641,12950,27.8925,415.67,0.821,0.047,0.0794,4.6,12.01,0.205,0.1257,0.0,0.000189
B1_bgcap_20260922_024641,13000,27.8323,440.83,0.848,0.045,0.0765,4.73,12.49,0.198,0.118,0.0,0.000189
B1_bgcap_20260922_024641,13050,27.7221,435.47,0.834,0.044,0.0746,4.78,12.21,0.1959,0.1176,0.0,0.000189
B1_bgcap_20260922_024641,13100,27.6964,427.83,0.859,0.044,0.0738,4.84,12.52,0.191,0.1167,0.0,0.000188
B1_bgcap_20260922_024641,13150,28.1379,451.53,0.882,0.046,0.0814,4.66,12.28,0.2024,0.122,0.0,0.000188
B1_bgcap_20260922_024641,13200,28.1496,456.24,0.878,0.047,0.0802,4.6,12.44,0.2072,0.1232,0.0,0.000188
B1_bgcap_20260922_024641,13250,27.55,439.96,0.819,0.046,0.0751,4.7,12.01,0.2005,0.1214,0.0,0.000188
B1_bgcap_20260922_024641,13300,27.9167,437.3,0.872,0.045,0.0756,4.81,13.15,0.1965,0.1185,0.0,0.000188
B1_bgcap_20260922_024641,13350,27.5725,432.35,0.837,0.043,0.0732,4.87,12.93,0.1932,0.1157,0.0,0.000188
B1_bgcap_20260922_024641,13400,27.3524,432.32,0.817,0.043,0.0729,4.84,12.25,0.1915,0.1155,0.0,0.000188
B1_bgcap_20260922_024641,13450,27.9309,458.17,0.827,0.045,0.0794,4.81,12.75,0.198,0.1185,0.0,0.000188
B1_bgcap_20260922_024641,13500,27.6325,459.26,0.831,0.045,0.0749,4.75,12.3,0.1982,0.1198,0.0,0.000188
B1_bgcap_20260922_024641,13550,27.8043,451.25,0.833,0.046,0.0787,4.66,11.96,0.2017,0.1236,0.0,0.000188
B1_bgcap_20260922_024641,13600,27.509,450.63,0.818,0.044,0.0753,4.86,12.84,0.1951,0.117,0.0,0.000188
B1_bgcap_20260922_024641,13650,27.1802,468.77,0.82,0.042,0.0717,4.89,12.3,0.1905,0.115,0.0,0.000187
B1_bgcap_20260922_024641,13700,27.3897,482.27,0.837,0.044,0.0732,4.84,13.01,0.1965,0.1192,0.0,0.000187
B1_bgcap_20260922_024641,13750,26.8376,427.85,0.795,0.045,0.0716,4.83,12.03,0.1942,0.1202,0.0,0.000187
B1_bgcap_20260922_024641,13800,27.6801,473.85,0.869,0.046,0.077,4.71,12.36,0.2013,0.1224,0.0,0.000187
B1_bgcap_20260922_024641,13850,27.5296,474.73,0.868,0.046,0.0763,4.76,12.52,0.2019,0.1219,0.0,0.000187
B1_bgcap_20260922_024641,13900,27.3797,440.8,0.829,0.045,0.0757,4.76,12.37,0.199,0.1215,0.0,0.000187
B1_bgcap_20260922_024641,13950,27.0534,445.37,0.793,0.042,0.0725,5.01,12.34,0.1842,0.1133,0.0,0.000187
B1_bgcap_20260922_024641,14000,27.2509,430.07,0.822,0.042,0.0733,5.02,12.84,0.1883,0.1133,0.0,0.000187
B1_bgcap_20260922_024641,14050,26.8541,483.35,0.806,0.045,0.0729,4.74,11.75,0.1988,0.1204,0.0,0.000187
B1_bgcap_20260922_024641,14100,27.4028,542.21,0.823,0.047,0.0771,4.73,12.02,0.2028,0.1252,0.0,0.000187
B1_bgcap_20260922_024641,14150,27.4595,479.4,0.818,0.049,0.0776,4.6,11.84,0.2085,0.1288,0.0,0.000187
B1_bgcap_20260922_024641,14200,26.8455,450.33,0.799,0.046,0.0759,4.75,11.66,0.1995,0.1215,0.0,0.000186
B1_bgcap_20260922_024641,14250,27.4299,480.66,0.83,0.046,0.0768,4.78,12.57,0.2017,0.123,0.0,0.000186
B1_bgcap_20260922_024641,14300,27.3004,529.77,0.826,0.046,0.0767,4.76,11.97,0.2015,0.1252,0.0,0.000186
B1_bgcap_20260922_024641,14350,26.8421,450.38,0.827,0.043,0.0686,4.95,12.31,0.1891,0.1168,0.0,0.000186
B1_bgcap_20260922_024641,14400,26.898,444.87,0.835,0.046,0.0748,4.75,11.8,0.1995,0.1235,0.0,0.000186
B1_bgcap_20260922_024641,14450,26.892,517.22,0.814,0.044,0.0738,4.86,11.83,0.194,0.1195,0.0,0.000186
B1_bgcap_20260922_024641,14500,27.1254,485.83,0.827,0.046,0.0747,4.79,12.05,0.1989,0.125,0.0,0.000186
B1_bgcap_20260922_024641,14550,27.0424,494.17,0.837,0.047,0.0739,4.76,12.02,0.2026,0.1255,0.0,0.000186
B1_bgcap_20260922_024641,14600,27.0248,480.09,0.817,0.043,0.0734,4.99,12.68,0.1914,0.1157,0.0,0.000186
B1_bgcap_20260922_024641,14650,27.1571,485.0,0.826,0.049,0.0782,4.61,11.84,0.2097,0.1301,0.0,0.000186
B1_bgcap_20260922_024641,14700,27.1371,465.07,0.83,0.045,0.0759,4.87,12.28,0.1976,0.1215,0.0,0.000185
B1_bgcap_20260922_024641,14750,27.0827,480.52,0.826,0.043,0.0715,5.1,13.29,0.1884,0.1172,0.0,0.000185
B1_bgcap_20260922_024641,14800,26.8458,501.17,0.818,0.046,0.0749,4.81,11.87,0.1972,0.1243,0.0,0.000185
B1_bgcap_20260922_024641,14850,26.8498,545.85,0.804,0.043,0.0725,4.98,12.38,0.1916,0.1171,0.0,0.000185
B1_bgcap_20260922_024641,14900,26.3474,484.18,0.788,0.044,0.0696,4.99,12.2,0.1893,0.1172,0.0,0.000185
B1_bgcap_20260922_024641,14950,26.5431,519.29,0.791,0.046,0.0697,4.88,11.64,0.1948,0.123,0.0,0.000185
B1_bgcap_20260922_024641,15000,26.9715,532.4,0.84,0.046,0.0736,4.85,12.55,0.2006,0.1253,0.0,0.000185
B1_bgcap_20260922_024641,15050,26.8142,507.53,0.814,0.046,0.0738,4.81,11.99,0.1995,0.1241,0.0,0.000185
B1_bgcap_20260922_024641,15100,26.5451,460.95,0.81,0.043,0.0698,5.05,12.46,0.1861,0.1165,0.0,0.000185
B1_bgcap_20260922_024641,15150,26.5253,486.0,0.805,0.044,0.0703,5.05,12.49,0.1887,0.1177,0.0,0.000185
B1_bgcap_20260922_024641,15200,26.6969,497.95,0.8,0.047,0.0757,4.79,11.75,0.2008,0.1255,0.0,0.000184
B1_bgcap_20260922_024641,15250,26.46,482.71,0.817,0.044,0.0689,4.99,12.55,0.1914,0.1187,0.0,0.000184
B1_bgcap_20260922_024641,15300,27.2442,540.77,1.118,0.045,0.0747,4.89,12.34,0.1958,0.1223,0.0,0.000184
B1_bgcap_20260922_024641,15350,26.8074,506.24,0.821,0.047,0.076,4.77,12.21,0.2015,0.1257,0.0,0.000184
B1_bgcap_20260922_024641,15400,26.4745,502.3,0.807,0.041,0.0664,5.19,12.83,0.1812,0.1121,0.0,0.000184
B1_bgcap_20260922_024641,15450,26.7341,477.58,0.837,0.043,0.0718,5.07,12.7,0.1866,0.1176,0.0,0.000184
B1_bgcap_20260922_024641,15500,26.7579,539.74,0.822,0.045,0.0744,4.92,12.36,0.1959,0.1231,0.0,0.000184
B1_bgcap_20260922_024641,15550,26.7742,524.09,0.797,0.045,0.0739,4.97,12.56,0.1936,0.1206,0.0,0.000184
B1_bgcap_20260922_024641,15600,26.3322,507.84,0.775,0.045,0.0719,4.91,11.88,0.1949,0.1227,0.0,0.000184
B1_bgcap_20260922_024641,15650,26.5932,512.85,0.811,0.046,0.0726,4.84,12.14,0.1986,0.124,0.0,0.000183
B1_bgcap_20260922_024641,15700,26.5391,494.66,0.809,0.043,0.0706,5.1,12.8,0.187,0.1182,0.0,0.000183
B1_bgcap_20260922_024641,15750,26.4869,494.68,0.801,0.046,0.0723,4.88,12.0,0.1978,0.1254,0.0,0.000183
B1_bgcap_20260922_024641,15800,26.6186,509.68,0.818,0.047,0.0746,4.82,11.99,0.199,0.1256,0.0,0.000183
B1_bgcap_20260922_024641,15850,26.7731,494.07,0.816,0.046,0.0761,4.89,12.35,0.1999,0.1254,0.0,0.000183
B1_bgcap_20260922_024641,15900,26.4207,507.22,0.812,0.046,0.0723,4.86,12.1,0.1997,0.1241,0.0,0.000183
B1_bgcap_20260922_024641,15950,26.3028,497.65,0.787,0.044,0.0714,5.08,12.56,0.1903,0.1193,0.0,0.000183
B1_bgcap_20260922_024641,16000,26.5823,491.93,0.806,0.046,0.0733,4.85,12.07,0.1984,0.1247,0.0,0.000183
B1_bgcap_20260922_024641,16050,26.4422,528.19,0.811,0.044,0.0722,5.03,12.63,0.1918,0.1188,0.0,0.000183
B1_bgcap_20260922_024641,16100,26.8109,560.31,0.824,0.046,0.0739,5.01,12.71,0.1949,0.1229,0.0,0.000183
B1_bgcap_20260922_024641,16150,26.2717,517.02,0.793,0.043,0.0681,5.15,12.78,0.1864,0.1168,0.0,0.000182
B1_bgcap_20260922_024641,16200,27.0464,531.63,0.838,0.047,0.0754,4.93,12.47,0.1963,0.1252,0.0,0.000182
B1_bgcap_20260922_024641,16250,26.5356,556.21,0.803,0.045,0.072,4.94,12.2,0.1931,0.1216,0.0,0.000182
B1_bgcap_20260922_024641,16300,26.5909,550.16,0.83,0.046,0.0722,4.95,12.46,0.195,0.1227,0.0,0.000182
B1_bgcap_20260922_024641,16350,26.5529,525.92,0.816,0.046,0.0721,5.01,12.8,0.1944,0.1231,0.0,0.000182
B1_bgcap_20260922_024641,16400,26.4007,522.78,0.805,0.046,0.073,4.96,12.03,0.1956,0.1248,0.0,0.000182
B1_bgcap_20260922_024641,16450,26.5209,492.59,0.852,0.045,0.0728,5.03,12.63,0.1931,0.1208,0.0,0.000182
B1_bgcap_20260922_024641,16500,26.3245,469.04,0.831,0.046,0.0726,4.97,12.16,0.1949,0.1239,0.0,0.000182
B1_bgcap_20260922_024641,16550,26.2539,526.34,0.795,0.044,0.0714,5.07,12.24,0.1901,0.1192,0.0,0.000182
B1_bgcap_20260922_024641,16600,26.0593,520.25,0.801,0.042,0.0675,5.21,12.31,0.1806,0.1144,0.0,0.000181
B1_bgcap_20260922_024641,16650,26.491,521.2,0.805,0.046,0.0746,4.94,12.58,0.1984,0.1248,0.0,0.000181
B1_bgcap_20260922_024641,16700,26.4166,534.39,0.812,0.046,0.0711,5.03,12.23,0.1923,0.1229,0.0,0.000181
B1_bgcap_20260922_024641,16750,26.7527,585.07,0.829,0.046,0.073,5.03,12.78,0.1952,0.1241,0.0,0.000181
B1_bgcap_20260922_024641,16800,26.2497,526.6,0.796,0.045,0.0707,5.05,12.43,0.1924,0.1221,0.0,0.000181
B1_bgcap_20260922_024641,16850,26.0528,491.69,0.78,0.044,0.0696,5.1,12.42,0.1883,0.1197,0.0,0.000181
B1_bgcap_20260922_024641,16900,26.6112,546.42,0.842,0.045,0.0722,5.13,13.03,0.1906,0.1206,0.0,0.000181
B1_bgcap_20260922_024641,16950,26.2117,573.63,0.797,0.046,0.0711,4.93,12.05,0.1967,0.123,0.0,0.000181
B1_bgcap_20260922_024641,17000,26.4089,502.24,0.836,0.047,0.0721,4.91,12.15,0.1986,0.1268,0.0,0.000181
B1_bgcap_20260922_024641,17050,26.3473,512.61,0.808,0.046,0.0733,4.91,12.12,0.197,0.1238,0.0,0.00018
B1_bgcap_20260922_024641,17100,26.0571,516.27,0.791,0.045,0.0696,5.1,12.38,0.1917,0.1218,0.0,0.00018
B1_bgcap_20260922_024641,17150,26.2308,558.71,0.802,0.044,0.0724,5.06,12.25,0.1904,0.1202,0.0,0.00018
B1_bgcap_20260922_024641,17200,26.1689,528.46,0.809,0.047,0.0706,4.97,12.4,0.1988,0.1248,0.0,0.00018
B1_bgcap_20260922_024641,17250,26.5498,554.58,0.816,0.045,0.0722,5.09,12.9,0.1934,0.1223,0.0,0.00018
B1_bgcap_20260922_024641,17300,25.6747,500.01,0.752,0.042,0.0656,5.23,12.15,0.1799,0.114,0.0,0.00018
B1_bgcap_20260922_024641,17350,26.2001,607.93,0.792,0.047,0.071,4.96,12.1,0.1959,0.127,0.0,0.00018
B1_bgcap_20260922_024641,17400,25.9891,521.41,0.78,0.046,0.0697,5.04,12.21,0.1915,0.1244,0.0,0.00018
B1_bgcap_20260922_024641,17450,26.0078,532.08,0.789,0.046,0.0711,4.98,11.97,0.1942,0.1247,0.0,0.000179
B1_bgcap_20260922_024641,17500,25.7325,537.66,0.759,0.043,0.0672,5.19,12.12,0.1835,0.1181,0.0,0.000179
B1_bgcap_20260922_024641,17550,26.4143,559.71,0.813,0.044,0.0717,5.16,12.94,0.1906,0.1201,0.0,0.000179
B1_bgcap_20260922_024641,17600,26.4439,550.78,0.809,0.045,0.0748,5.06,12.45,0.1934,0.1222,0.0,0.000179
B1_bgcap_20260922_024641,17650,26.0058,504.53,0.791,0.045,0.0685,5.11,12.27,0.1903,0.1222,0.0,0.000179
B1_bgcap_20260922_024641,17700,25.8946,551.78,0.783,0.046,0.0698,5.06,12.31,0.1926,0.1241,0.0,0.000179
B1_bgcap_20260922_024641,17750,25.9173,546.58,0.785,0.043,0.0693,5.17,12.53,0.1871,0.1187,0.0,0.000179
B1_bgcap_20260922_024641,17800,25.8761,525.88,0.782,0.044,0.0682,5.18,12.74,0.1881,0.1197,0.0,0.000179
B1_bgcap_20260922_024641,17850,25.9392,555.72,0.819,0.045,0.068,5.17,12.97,0.19,0.1208,0.0,0.000179
B1_bgcap_20260922_024641,17900,25.7898,580.91,0.814,0.044,0.0671,5.18,12.41,0.186,0.1191,0.0,0.000178
B1_bgcap_20260922_024641,17950,25.78,554.21,0.814,0.045,0.0686,5.11,12.43,0.1908,0.1213,0.0,0.000178
B1_bgcap_20260922_024641,18000,26.2333,567.69,0.811,0.045,0.0703,5.2,12.92,0.1884,0.1218,0.0,0.000178
B1_bgcap_20260922_024641,18050,25.6146,551.81,0.78,0.045,0.0677,5.14,12.37,0.1911,0.1214,0.0,0.000178
B1_bgcap_20260922_024641,18100,25.7691,581.84,0.779,0.046,0.0691,5.08,12.04,0.1921,0.1232,0.0,0.000178
B1_bgcap_20260922_024641,18150,25.7836,564.13,0.795,0.047,0.0698,4.96,11.9,0.1961,0.1271,0.0,0.000178
B1_bgcap_20260922_024641,18200,25.7756,526.45,0.803,0.044,0.0676,5.25,12.63,0.1848,0.1199,0.0,0.000178
B1_bgcap_20260922_024641,18250,26.0,512.12,0.807,0.048,0.0749,4.93,12.02,0.1995,0.128,0.0,0.000178
B1_bgcap_20260922_024641,18300,25.5925,517.86,0.775,0.044,0.0678,5.17,12.27,0.1864,0.1199,0.0,0.000177
B1_bgcap_20260922_024641,18350,25.5071,504.36,0.779,0.046,0.0687,5.03,12.0,0.1924,0.1243,0.0,0.000177
B1_bgcap_20260922_024641,18400,25.8593,576.27,0.782,0.046,0.0701,5.12,12.51,0.1913,0.1234,0.0,0.000177
B1_bgcap_20260922_024641,18450,25.8008,535.64,0.784,0.045,0.0706,5.12,12.08,0.1897,0.1211,0.0,0.000177
B1_bgcap_20260922_024641,18500,25.6535,539.97,0.801,0.044,0.0665,5.3,12.8,0.1832,0.1183,0.0,0.000177
B1_bgcap_20260922_024641,18550,25.8151,525.06,0.805,0.045,0.0686,5.19,12.45,0.1874,0.1212,0.0,0.000177
B1_bgcap_20260922_024641,18600,26.0298,584.86,0.802,0.048,0.0732,4.96,11.99,0.1988,0.1282,0.0,0.000177
B1_bgcap_20260922_024641,18650,25.7328,626.44,0.792,0.043,0.0671,5.27,12.51,0.1828,0.1187,0.0,0.000177
B1_bgcap_20260922_024641,18700,25.756,568.04,0.805,0.046,0.0727,4.94,11.71,0.1972,0.1259,0.0,0.000176
B1_bgcap_20260922_024641,18750,25.7944,535.86,0.761,0.044,0.0711,5.14,11.91,0.1868,0.1202,0.0,0.000176
B1_bgcap_20260922_024641,18800,25.6633,557.96,0.798,0.044,0.0662,5.21,12.48,0.1856,0.1191,0.0,0.000176
B1_bgcap_20260922_024641,18850,25.9744,516.74,0.831,0.044,0.0686,5.32,13.1,0.1833,0.1188,0.0,0.000176
B1_bgcap_20260922_024641,18900,25.5614,554.8,0.795,0.044,0.0667,5.32,12.69,0.1823,0.118,0.0,0.000176
B1_bgcap_20260922_024641,18950,26.0612,550.47,0.838,0.046,0.0706,5.08,12.98,0.1944,0.125,0.0,0.000176
B1_bgcap_20260922_024641,19000,25.7671,532.56,0.79,0.045,0.0703,5.13,12.3,0.1899,0.1217,0.0,0.000176
B1_bgcap_20260922_024641,19050,25.8417,510.68,0.794,0.045,0.0693,5.2,12.18,0.1871,0.121,0.0,0.000176
B1_bgcap_20260922_024641,19100,25.8033,569.01,0.812,0.046,0.0714,5.14,12.69,0.1921,0.1226,0.0,0.000175
B1_bgcap_20260922_024641,19150,26.0781,584.15,0.838,0.047,0.0688,5.12,12.64,0.1906,0.1247,0.0,0.000175
B1_bgcap_20260922_024641,19200,25.7889,549.17,0.821,0.046,0.0684,5.15,12.37,0.1895,0.1243,0.0,0.000175
B1_bgcap_20260922_024641,19250,25.6314,537.38,0.785,0.044,0.07,5.22,12.32,0.1867,0.1194,0.0,0.000175
B1_bgcap_20260922_024641,19300,25.6112,522.22,0.808,0.043,0.0686,5.26,12.43,0.1833,0.1168,0.0,0.000175
B1_bgcap_20260922_024641,19350,25.4054,555.08,0.769,0.044,0.0666,5.29,12.3,0.1832,0.1194,0.0,0.000175
B1_bgcap_20260922_024641,19400,25.3956,582.6,0.78,0.042,0.065,5.39,12.49,0.1779,0.1157,0.0,0.000175
B1_bgcap_20260922_024641,19450,25.6339,600.56,0.797,0.047,0.0703,4.98,11.77,0.1962,0.1254,0.0,0.000175
B1_bgcap_20260922_024641,19500,25.219,542.5,0.77,0.043,0.0648,5.3,12.13,0.1828,0.1174,0.0,0.000174
B1_bgcap_20260922_024641,19550,25.6865,600.23,0.798,0.045,0.0691,5.21,12.55,0.1873,0.1213,0.0,0.000174
B1_bgcap_20260922_024641,19600,25.7027,564.61,0.808,0.044,0.0671,5.32,12.57,0.1819,0.1199,0.0,0.000174
B1_bgcap_20260922_024641,19650,25.6282,570.28,0.809,0.044,0.0685,5.28,12.46,0.1859,0.1201,0.0,0.000174
B1_bgcap_20260922_024641,19700,25.2303,550.76,0.779,0.044,0.0653,5.26,12.05,0.1825,0.1197,0.0,0.000174
B1_bgcap_20260922_024641,19750,25.6482,563.18,0.799,0.043,0.0688,5.31,12.79,0.1858,0.1177,0.0,0.000174
B1_bgcap_20260922_024641,19800,25.8546,544.75,0.797,0.045,0.0721,5.19,12.33,0.1865,0.12,0.0,0.000174
B1_bgcap_20260922_024641,19850,25.8534,603.53,0.805,0.046,0.0723,5.1,12.4,0.1932,0.125,0.0,0.000174
B1_bgcap_20260922_024641,19900,25.4584,572.34,0.788,0.043,0.064,5.38,12.58,0.1796,0.1167,0.0,0.000173
B1_bgcap_20260922_024641,19950,25.6917,603.67,0.804,0.044,0.0694,5.25,12.15,0.1848,0.1199,0.0,0.000173
B1_bgcap_20260922_024641,20000,25.6416,575.93,0.797,0.046,0.0703,5.16,12.09,0.1882,0.1231,0.0,0.000173
B1_bgcap_20260922_024641,20050,25.7648,558.82,0.852,0.047,0.0695,5.14,12.39,0.1938,0.1262,0.0,0.000173
B1_bgcap_20260922_024641,20100,25.5666,596.32,0.789,0.045,0.0683,5.18,12.04,0.1861,0.1225,0.0,0.000173
B1_bgcap_20260922_024641,20150,25.0274,541.87,0.768,0.042,0.0638,5.39,12.47,0.1783,0.1146,0.0,0.000173
B1_bgcap_20260922_024641,20200,25.6224,595.25,0.809,0.045,0.068,5.28,12.7,0.1874,0.1211,0.0,0.000173
B1_bgcap_20260922_024641,20250,25.888,549.76,0.816,0.043,0.0711,5.42,13.06,0.1823,0.1171,0.0,0.000173
B1_bgcap_20260922_024641,20300,25.7164,626.28,0.828,0.044,0.0705,5.25,12.7,0.1875,0.1212,0.0,0.000172
B1_bgcap_20260922_024641,20350,25.5522,584.32,0.784,0.047,0.0705,5.14,12.29,0.1918,0.1258,0.0,0.000172
B1_bgcap_20260922_024641,20400,25.1252,562.95,0.765,0.042,0.0636,5.51,12.54,0.1753,0.1136,0.0,0.000172
B1_bgcap_20260922_024641,20450,25.4289,594.73,0.795,0.045,0.0672,5.24,12.11,0.1857,0.1224,0.0,0.000172
B1_bgcap_20260922_024641,20500,25.8055,554.51,0.817,0.046,0.0743,5.09,11.96,0.1918,0.1239,0.0,0.000172
B1_bgcap_20260922_024641,20550,25.5448,526.77,0.798,0.045,0.0692,5.24,12.54,0.1872,0.1218,0.0,0.000172
B1_bgcap_20260922_024641,20600,25.681,547.38,0.814,0.047,0.0691,5.17,12.57,0.1915,0.1254,0.0,0.000172
B1_bgcap_20260922_024641,20650,25.1943,601.24,0.817,0.045,0.0656,5.19,12.23,0.1885,0.1221,0.0,0.000171
B1_bgcap_20260922_024641,20700,25.0818,547.13,0.776,0.045,0.0678,5.19,11.86,0.1855,0.121,0.0,0.000171
B1_bgcap_20260922_024641,20750,25.3735,536.69,0.786,0.045,0.0668,5.28,12.45,0.1841,0.1211,0.0,0.000171
B1_bgcap_20260922_024641,20800,25.2604,621.94,0.776,0.045,0.0679,5.24,12.25,0.186,0.1233,0.0,0.000171
B1_bgcap_20260922_024641,20850,25.1647,560.55,0.765,0.043,0.0673,5.34,12.0,0.18,0.1173,0.0,0.000171
B1_bgcap_20260922_024641,20900,25.259,533.48,0.807,0.046,0.0676,5.24,12.3,0.1856,0.1241,0.0,0.000171
B1_bgcap_20260922_024641,20950,25.0215,547.36,0.771,0.044,0.0661,5.31,11.92,0.1821,0.1189,0.0,0.000171
B1_bgcap_20260922_024641,21000,25.4948,573.84,0.846,0.049,0.0695,5.03,12.04,0.1965,0.1321,0.0,0.00017
B1_bgcap_20260922_024641,21050,25.2692,574.04,0.812,0.045,0.0686,5.23,11.96,0.1852,0.1225,0.0,0.00017
B1_bgcap_20260922_024641,21100,25.1687,555.78,0.767,0.041,0.064,5.56,12.78,0.1731,0.114,0.0,0.00017
B1_bgcap_20260922_024641,21150,25.3935,579.58,0.816,0.045,0.0696,5.24,12.36,0.1873,0.1228,0.0,0.00017
B1_bgcap_20260922_024641,21200,25.282,561.78,0.802,0.044,0.0658,5.43,12.96,0.1806,0.1191,0.0,0.00017
B1_bgcap_20260922_024641,21250,25.7224,588.69,0.813,0.046,0.0702,5.29,12.93,0.1881,0.1231,0.0,0.00017
B1_bgcap_20260922_024641,21300,25.2403,554.01,0.786,0.045,0.0683,5.18,11.73,0.1862,0.1226,0.0,0.00017
B1_bgcap_20260922_024641,21350,25.4771,601.53,0.8,0.047,0.072,5.09,12.04,0.1943,0.1282,0.0,0.00017
B1_bgcap_20260922_024641,21400,25.4081,547.65,0.805,0.045,0.0685,5.29,12.4,0.1847,0.122,0.0,0.000169
B1_bgcap_20260922_024641,21450,25.0993,568.2,0.797,0.044,0.0661,5.31,12.42,0.1849,0.1188,0.0,0.000169
B1_bgcap_20260922_024641,21500,25.0817,554.46,0.796,0.045,0.0666,5.24,12.06,0.1854,0.1222,0.0,0.000169
B1_bgcap_20260922_024641,21550,24.9313,579.59,0.771,0.045,0.0648,5.29,12.01,0.1845,0.122,0.0,0.000169
B1_bgcap_20260922_024641,21600,25.2312,566.65,0.794,0.044,0.0663,5.39,12.86,0.1839,0.1204,0.0,0.000169
B1_bgcap_20260922_024641,21650,25.5374,667.24,0.811,0.044,0.0691,5.37,12.56,0.1841,0.1214,0.0,0.000169
B1_bgcap_20260922_024641,21700,25.2342,654.07,0.796,0.045,0.0687,5.2,11.92,0.1861,0.1227,0.0,0.000169
B1_bgcap_20260922_024641,21750,25.0553,551.22,0.773,0.043,0.0658,5.38,12.11,0.1794,0.1183,0.0,0.000168
B1_bgcap_20260922_024641,21800,25.3426,529.74,0.779,0.044,0.07,5.28,12.13,0.1835,0.1204,0.0,0.000168
B1_bgcap_20260922_024641,21850,25.313,620.33,0.812,0.046,0.0678,5.18,12.41,0.1908,0.1255,0.0,0.000168
B1_bgcap_20260922_024641,21900,25.1196,598.78,0.782,0.043,0.0662,5.39,12.63,0.1808,0.1187,0.0,0.000168
B1_bgcap_20260922_024641,21950,25.0809,544.38,0.789,0.047,0.0676,5.13,12.04,0.1905,0.126,0.0,0.000168
B1_bgcap_20260922_024641,22000,25.1349,620.64,0.769,0.045,0.069,5.28,11.82,0.1834,0.1222,0.0,0.000168
B1_bgcap_20260922_024641,22050,24.9701,611.38,0.769,0.043,0.0641,5.47,12.63,0.1782,0.1182,0.0,0.000168
B1_bgcap_20260922_024641,22100,25.2719,561.9,0.815,0.046,0.0663,5.35,12.82,0.1849,0.1231,0.0,0.000167
B1_bgcap_20260922_024641,22150,24.9204,657.89,0.797,0.047,0.0671,5.1,11.79,0.1909,0.1271,0.0,0.000167
B1_bgcap_20260922_024641,22200,25.1078,617.77,0.767,0.042,0.0647,5.52,12.42,0.175,0.1168,0.0,0.000167
B1_bgcap_20260922_024641,22250,25.4351,679.13,0.802,0.046,0.0696,5.22,12.55,0.1894,0.1251,0.0,0.000167
B1_bgcap_20260922_024641,22300,25.0244,573.91,0.761,0.044,0.0679,5.34,11.94,0.1815,0.1214,0.0,0.000167
B1_bgcap_20260922_024641,22350,25.0274,668.59,0.78,0.045,0.0676,5.3,12.34,0.1848,0.1225,0.0,0.000167
B1_bgcap_20260922_024641,22400,25.2072,657.53,0.802,0.045,0.0674,5.28,12.67,0.1862,0.124,0.0,0.000167
B1_bgcap_20260922_024641,22450,24.8552,537.61,0.779,0.043,0.063,5.54,12.78,0.1763,0.1165,0.0,0.000166
B1_bgcap_20260922_024641,22500,25.0711,574.11,0.792,0.046,0.0668,5.28,12.27,0.1843,0.1227,0.0,0.000166
B1_bgcap_20260922_024641,22550,25.2189,613.01,0.787,0.045,0.0676,5.29,12.21,0.1857,0.1237,0.0,0.000166
B1_bgcap_20260922_024641,22600,25.1277,584.95,0.77,0.044,0.0659,5.48,12.4,0.1787,0.1198,0.0,0.000166
B1_bgcap_20260922_024641,22650,24.9733,588.12,0.779,0.045,0.0688,5.27,12.26,0.1849,0.1216,0.0,0.000166
B1_bgcap_20260922_024641,22700,25.1487,572.5,0.8,0.043,0.0645,5.55,13.27,0.1799,0.1176,0.0,0.000166
B1_bgcap_20260922_024641,22750,25.5286,519.23,0.826,0.046,0.0692,5.3,13.02,0.1898,0.1257,0.0,0.000166
B1_bgcap_20260922_024641,22800,24.9013,618.86,0.769,0.044,0.0656,5.38,12.35,0.1821,0.1211,0.0,0.000165
B1_bgcap_20260922_024641,22850,24.6804,574.98,0.773,0.043,0.0646,5.43,12.1,0.1776,0.1172,0.0,0.000165
B1_bgcap_20260922_024641,22900,25.1128,596.71,0.806,0.045,0.0657,5.37,12.79,0.1829,0.1228,0.0,0.000165
B1_bgcap_20260922_024641,22950,25.1796,572.2,0.799,0.044,0.067,5.38,12.6,0.1829,0.1204,0.0,0.000165
B1_bgcap_20260922_024641,23000,24.9981,606.3,0.787,0.045,0.0652,5.48,12.82,0.1815,0.1189,0.0,0.000165
B1_bgcap_20260922_024641,23050,25.2928,599.06,0.8,0.047,0.0725,5.11,11.92,0.1925,0.1264,0.0,0.000165
B1_bgcap_20260922_024641,23100,25.202,574.07,0.799,0.048,0.0712,5.11,11.99,0.1933,0.1275,0.0,0.000165
B1_bgcap_20260922_024641,23150,24.8289,573.22,0.772,0.043,0.0627,5.44,12.24,0.1762,0.1167,0.0,0.000164
B1_bgcap_20260922_024641,23200,24.7853,597.71,0.77,0.047,0.0659,5.24,11.96,0.1876,0.1254,0.0,0.000164
B1_bgcap_20260922_024641,23250,25.1778,647.48,0.798,0.048,0.0678,5.29,12.22,0.187,0.1253,0.0,0.000164
B1_bgcap_20260922_024641,23300,25.1381,595.9,0.768,0.048,0.0689,5.27,12.03,0.1871,0.1256,0.0,0.000164
B1_bgcap_20260922_024641,23350,24.725,618.75,0.757,0.043,0.0635,5.57,12.71,0.1767,0.116,0.0,0.000164
B1_bgcap_20260922_024641,23400,24.9018,599.0,0.761,0.042,0.0644,5.6,12.65,0.174,0.1154,0.0,0.000164
B1_bgcap_20260922_024641,23450,25.0166,630.88,0.779,0.042,0.0636,5.62,12.74,0.1744,0.1151,0.0,0.000164
B1_bgcap_20260922_024641,23500,25.0686,547.87,0.804,0.044,0.0657,5.44,12.37,0.1795,0.1198,0.0,0.000163
B1_bgcap_20260922_024641,23550,24.771,584.24,0.777,0.043,0.0626,5.53,12.39,0.1744,0.1172,0.0,0.000163
B1_bgcap_20260922_024641,23600,24.6731,523.04,0.762,0.043,0.0632,5.5,12.58,0.1773,0.117,0.0,0.000163
B1_bgcap_20260922_024641,23650,24.9791,608.35,0.776,0.045,0.0643,5.47,12.47,0.1793,0.1224,0.0,0.000163
B1_bgcap_20260922_024641,23700,25.2624,674.78,0.798,0.046,0.0699,5.29,12.42,0.1887,0.1271,0.0,0.000163
B1_bgcap_20260922_024641,23750,24.6846,566.4,0.768,0.046,0.065,5.2,11.96,0.1871,0.1239,0.0,0.000163
B1_bgcap_20260922_024641,23800,24.7989,594.28,0.793,0.045,0.0639,5.35,12.35,0.1841,0.1225,0.0,0.000162
B1_bgcap_20260922_024641,23850,24.8234,564.55,0.769,0.042,0.0634,5.65,12.8,0.172,0.1143,0.0,0.000162
B1_bgcap_20260922_024641,23900,24.7875,532.67,0.767,0.045,0.0646,5.37,12.5,0.1829,0.1218,0.0,0.000162
B1_bgcap_20260922_024641,23950,24.8156,563.09,0.772,0.045,0.0672,5.33,12.07,0.1831,0.1206,0.0,0.000162
B1_bgcap_20260922_024641,24000,25.116,644.98,0.806,0.044,0.0654,5.41,13.06,0.1825,0.1203,0.0,0.000162
B1_bgcap_20260922_024641,24050,24.9901,559.3,0.791,0.045,0.0666,5.34,12.37,0.1832,0.1215,0.0,0.000162
B1_bgcap_20260922_024641,24100,25.0382,547.55,0.794,0.046,0.0691,5.33,12.72,0.1869,0.1222,0.0,0.000162
B1_bgcap_20260922_024641,24150,24.7406,638.26,0.785,0.042,0.0631,5.57,12.58,0.1743,0.1145,0.0,0.000161
B1_bgcap_20260922_024641,24200,24.6125,589.09,0.741,0.044,0.0656,5.35,11.96,0.1817,0.1206,0.0,0.000161
B1_bgcap_20260922_024641,24250,24.6862,574.91,0.768,0.044,0.0642,5.4,12.3,0.1797,0.1187,0.0,0.000161
B1_bgcap_20260922_024641,24300,24.3955,576.26,0.752,0.044,0.0612,5.47,12.04,0.1766,0.118,0.0,0.000161
B1_bgcap_20260922_024641,24350,24.8667,623.58,0.796,0.044,0.0659,5.41,12.42,0.1809,0.121,0.0,0.000161
B1_bgcap_20260922_024641,24400,24.8543,617.1,0.791,0.044,0.0663,5.42,12.41,0.1806,0.1212,0.0,0.000161
B1_bgcap_20260922_024641,24450,24.5635,573.89,0.756,0.044,0.0658,5.39,11.91,0.1807,0.1187,0.0,0.000161
B1_bgcap_20260922_024641,24500,24.7342,651.76,0.784,0.043,0.0638,5.46,12.37,0.1778,0.1186,0.0,0.00016
B1_bgcap_20260922_024641,24550,24.6822,601.24,0.775,0.046,0.0672,5.22,11.79,0.1876,0.1251,0.0,0.00016
B1_bgcap_20260922_024641,24600,24.8393,649.09,0.784,0.044,0.0651,5.47,12.52,0.1799,0.1199,0.0,0.00016
B1_bgcap_20260922_024641,24650,24.6352,615.98,0.791,0.045,0.0639,5.3,12.14,0.1846,0.1231,0.0,0.00016
B1_bgcap_20260922_024641,24700,25.1436,658.29,0.81,0.045,0.0678,5.38,12.39,0.1826,0.1233,0.0,0.00016
B1_bgcap_20260922_024641,24750,24.654,586.05,0.786,0.044,0.0638,5.49,12.64,0.1805,0.1206,0.0,0.00016
B1_bgcap_20260922_024641,24800,25.0124,567.55,0.79,0.045,0.0668,5.47,12.68,0.1807,0.1213,0.0,0.000159
B1_bgcap_20260922_024641,24850,24.9791,649.59,0.795,0.045,0.0667,5.37,12.64,0.1836,0.1223,0.0,0.000159
B1_bgcap_20260922_024641,24900,24.8398,627.31,0.778,0.045,0.0655,5.41,12.57,0.1836,0.1223,0.0,0.000159
B1_bgcap_20260922_024641,24950,24.7302,598.52,0.79,0.045,0.0646,5.46,12.78,0.1822,0.1212,0.0,0.000159
B1_bgcap_20260922_024641,25000,24.5383,615.63,0.782,0.045,0.0632,5.35,12.18,0.183,0.1229,0.0,0.000159
B1_bgcap_20260922_024641,25050,24.853,593.3,0.761,0.045,0.0687,5.34,11.94,0.182,0.1219,0.0,0.000159
B1_bgcap_20260922_024641,25100,24.9549,575.08,0.768,0.045,0.0688,5.44,12.35,0.1813,0.1229,0.0,0.000159
B1_bgcap_20260922_024641,25150,24.8184,585.14,0.785,0.046,0.0669,5.32,12.24,0.1854,0.124,0.0,0.000158
B1_bgcap_20260922_024641,25200,24.9169,612.81,0.798,0.044,0.0657,5.5,12.71,0.1805,0.1209,0.0,0.000158
B1_bgcap_20260922_024641,25250,24.8753,558.88,0.78,0.044,0.0648,5.53,12.7,0.179,0.1194,0.0,0.000158
B1_bgcap_20260922_024641,25300,24.9773,605.34,0.813,0.045,0.0651,5.48,12.91,0.1827,0.12,0.0,0.000158
B1_bgcap_20260922_024641,25350,24.3204,577.28,0.74,0.043,0.0615,5.63,12.37,0.172,0.116,0.0,0.000158
B1_bgcap_20260922_024641,25400,24.7845,654.63,0.806,0.047,0.067,5.22,12.1,0.1896,0.1274,0.0,0.000158
B1_bgcap_20260922_024641,25450,24.9208,630.86,0.795,0.047,0.0717,5.03,11.74,0.1952,0.1294,0.0,0.000157
B1_bgcap_20260922_024641,25500,24.6508,548.74,0.77,0.042,0.0633,5.68,13.01,0.1729,0.1152,0.0,0.000157
B1_bgcap_20260922_024641,25550,24.6488,588.26,0.782,0.044,0.0634,5.57,12.78,0.178,0.1196,0.0,0.000157
B1_bgcap_20260922_024641,25600,24.7968,614.41,0.77,0.045,0.0657,5.45,12.13,0.1786,0.1219,0.0,0.000157
B1_bgcap_20260922_024641,25650,24.3153,590.32,0.732,0.041,0.0635,5.65,11.94,0.1688,0.1127,0.0,0.000157
B1_bgcap_20260922_024641,25700,24.8353,616.0,0.798,0.046,0.0662,5.35,12.49,0.1855,0.1253,0.0,0.000157
B1_bgcap_20260922_024641,25750,24.885,555.08,0.786,0.047,0.0681,5.23,12.07,0.1887,0.1265,0.0,0.000157
B1_bgcap_20260922_024641,25800,24.6314,560.9,0.768,0.044,0.0638,5.5,12.52,0.1786,0.1211,0.0,0.000156
B1_bgcap_20260922_024641,25850,24.3629,635.46,0.758,0.042,0.0602,5.6,12.59,0.1719,0.1155,0.0,0.000156
B1_bgcap_20260922_024641,25900,24.5039,559.31,0.742,0.041,0.0618,5.73,12.73,0.1695,0.1127,0.0,0.000156
B1_bgcap_20260922_024641,25950,24.3116,568.21,0.741,0.04,0.0599,5.82,12.88,0.1669,0.1108,0.0,0.000156
B1_bgcap_20260922_024641,26000,24.4898,594.22,0.762,0.045,0.0642,5.37,11.89,0.1816,0.1233,0.0,0.000156
B1_bgcap_20260922_024641,26050,24.6367,678.36,0.758,0.047,0.067,5.2,11.43,0.1859,0.1279,0.0,0.000156
B1_bgcap_20260922_024641,26100,24.7177,632.55,0.814,0.044,0.0653,5.46,12.64,0.1818,0.1209,0.0,0.000155
B1_bgcap_20260922_024641,26150,24.5208,583.02,0.768,0.042,0.063,5.56,12.64,0.1755,0.1168,0.0,0.000155
B1_bgcap_20260922_024641,26200,24.192,582.7,0.753,0.044,0.0626,5.47,12.1,0.1773,0.1186,0.0,0.000155
B1_bgcap_20260922_024641,26250,24.5336,612.75,0.766,0.043,0.0652,5.57,12.36,0.1749,0.1171,0.0,0.000155
B1_bgcap_20260922_024641,26300,24.4504,584.44,0.758,0.043,0.0626,5.69,12.88,0.1726,0.1171,0.0,0.000155
B1_bgcap_20260922_024641,26350,24.4103,633.01,0.77,0.043,0.0627,5.56,12.72,0.1774,0.1187,0.0,0.000155
B1_bgcap_20260922_024641,26400,24.3616,595.88,0.782,0.044,0.0643,5.47,12.2,0.1782,0.12,0.0,0.000154
B1_bgcap_20260922_024641,26450,24.5007,631.54,0.75,0.044,0.0652,5.53,12.1,0.1777,0.1194,0.0,0.000154
B1_bgcap_20260922_024641,26500,24.6503,534.34,0.776,0.044,0.0631,5.54,12.6,0.1774,0.1206,0.0,0.000154
B1_bgcap_20260922_024641,26550,24.3843,600.64,0.761,0.042,0.0616,5.72,13.0,0.173,0.1158,0.0,0.000154
B1_bgcap_20260922_024641,26600,24.8476,640.47,0.782,0.046,0.0695,5.3,11.95,0.1859,0.1238,0.0,0.000154
B1_bgcap_20260922_024641,26650,24.2709,575.08,0.758,0.044,0.0635,5.43,11.73,0.1769,0.1189,0.0,0.000154
B1_bgcap_20260922_024641,26700,24.3661,615.31,0.799,0.043,0.0628,5.54,12.24,0.1737,0.1168,0.0,0.000153
B1_bgcap_20260922_024641,26750,24.5649,568.49,0.774,0.044,0.0651,5.49,12.62,0.1803,0.1196,0.0,0.000153
B1_bgcap_20260922_024641,26800,24.4495,636.84,0.765,0.044,0.0637,5.64,12.88,0.1759,0.1201,0.0,0.000153
B1_bgcap_20260922_024641,26850,24.6526,566.52,0.8,0.046,0.0674,5.35,12.08,0.1838,0.1238,0.0,0.000153
B1_bgcap_20260922_024641,26900,24.2622,549.26,0.752,0.042,0.0604,5.68,12.5,0.1699,0.1164,0.0,0.000153
B1_bgcap_20260922_024641,26950,24.5255,621.05,0.768,0.045,0.0668,5.4,12.18,0.181,0.1214,0.0,0.000153
B1_bgcap_20260922_024641,27000,25.103,599.39,0.808,0.047,0.0698,5.32,12.56,0.1895,0.1273,0.0,0.000153
B1_bgcap_20260922_024641,27050,24.2709,599.11,0.75,0.04,0.0607,5.82,12.78,0.1663,0.1112,0.0,0.000152
B1_bgcap_20260922_024641,27100,24.4988,663.49,0.767,0.043,0.0637,5.61,12.57,0.175,0.1191,0.0,0.000152
B1_bgcap_20260922_024641,27150,24.2932,604.41,0.76,0.042,0.0619,5.65,12.24,0.1709,0.1159,0.0,0.000152
B1_bgcap_20260922_024641,27200,24.3806,600.82,0.784,0.044,0.0624,5.5,12.36,0.1777,0.1194,0.0,0.000152
B1_bgcap_20260922_024641,27250,24.8229,629.64,0.783,0.043,0.0646,5.62,13.01,0.1768,0.1184,0.0,0.000152
B1_bgcap_20260922_024641,27300,24.5369,559.26,0.78,0.046,0.0661,5.35,11.98,0.1838,0.1234,0.0,0.000152
B1_bgcap_20260922_024641,27350,24.3048,656.44,0.779,0.045,0.065,5.33,11.76,0.1826,0.1219,0.0,0.000151
B1_bgcap_20260922_024641,27400,24.5284,631.95,0.76,0.045,0.065,5.39,11.71,0.1815,0.1238,0.0,0.000151
B1_bgcap_20260922_024641,27450,24.4148,586.58,0.793,0.044,0.0639,5.5,12.39,0.1798,0.1213,0.0,0.000151
B1_bgcap_20260922_024641,27500,24.4265,576.6,0.773,0.044,0.0645,5.48,12.24,0.1784,0.119,0.0,0.000151
B1_bgcap_20260922_024641,27550,24.2435,585.03,0.751,0.044,0.0643,5.5,11.92,0.1774,0.1194,0.0,0.000151
B1_bgcap_20260922_024641,27600,24.2671,585.61,0.741,0.043,0.0622,5.66,12.16,0.1716,0.1187,0.0,0.000151
B1_bgcap_20260922_024641,27650,24.7287,599.61,0.785,0.045,0.0655,5.53,12.87,0.1801,0.1214,0.0,0.00015
B1_bgcap_20260922_024641,27700,24.2988,635.94,0.761,0.041,0.0611,5.75,12.75,0.1686,0.1139,0.0,0.00015
B1_bgcap_20260922_024641,27750,24.4983,636.32,0.784,0.043,0.0642,5.58,12.43,0.1745,0.1182,0.0,0.00015
B1_bgcap_20260922_024641,27800,24.5541,675.88,0.755,0.048,0.0682,5.23,11.6,0.1873,0.1284,0.0,0.00015
B1_bgcap_20260922_024641,27850,24.2682,576.85,0.77,0.043,0.0617,5.64,12.54,0.1732,0.118,0.0,0.00015
B1_bgcap_20260922_024641,27900,24.5051,558.02,0.762,0.045,0.0673,5.42,12.16,0.1806,0.1234,0.0,0.00015
B1_bgcap_20260922_024641,27950,24.5279,642.91,0.777,0.046,0.0677,5.3,11.88,0.1867,0.1274,0.0,0.000149
B1_bgcap_20260922_024641,28000,24.5876,656.84,0.78,0.047,0.0684,5.29,12.12,0.1879,0.1283,0.0,0.000149
B1_bgcap_20260922_024641,28050,24.5209,647.86,0.769,0.047,0.0684,5.25,11.72,0.1868,0.1268,0.0,0.000149
B1_bgcap_20260922_024641,28100,24.5897,656.33,0.796,0.045,0.0665,5.41,12.05,0.1802,0.1217,0.0,0.000149
B1_bgcap_20260922_024641,28150,24.1339,633.59,0.802,0.043,0.0615,5.53,12.14,0.1752,0.1191,0.0,0.000149
B1_bgcap_20260922_024641,28200,24.5847,589.15,0.763,0.043,0.0656,5.6,12.6,0.1758,0.1188,0.0,0.000149
B1_bgcap_20260922_024641,28250,24.537,565.59,0.765,0.045,0.0654,5.52,12.67,0.1821,0.1218,0.0,0.000148
B1_bgcap_20260922_024641,28300,24.4919,615.1,0.765,0.045,0.065,5.6,12.6,0.1776,0.1217,0.0,0.000148
B1_bgcap_20260922_024641,28350,24.4499,601.52,0.774,0.045,0.066,5.36,12.0,0.1808,0.123,0.0,0.000148
B1_bgcap_20260922_024641,28400,24.1562,632.08,0.775,0.043,0.0612,5.62,12.58,0.1743,0.1185,0.0,0.000148
B1_bgcap_20260922_024641,28450,23.9687,558.97,0.738,0.041,0.0599,5.75,12.18,0.1655,0.1133,0.0,0.000148
B1_bgcap_20260922_024641,28500,24.2055,615.06,0.776,0.046,0.064,5.41,12.1,0.1818,0.1236,0.0,0.000148
B1_bgcap_20260922_024641,28550,24.3165,612.85,0.798,0.045,0.0625,5.49,12.91,0.1824,0.1218,0.0,0.000147
B1_bgcap_20260922_024641,28600,24.451,600.48,0.771,0.045,0.0654,5.48,12.2,0.179,0.1229,0.0,0.000147
B1_bgcap_20260922_024641,28650,24.3911,585.99,0.778,0.044,0.064,5.48,12.34,0.1778,0.1209,0.0,0.000147
B1_bgcap_20260922_024641,28700,24.2376,613.9,0.764,0.043,0.0615,5.68,12.44,0.1702,0.1173,0.0,0.000147
B1_bgcap_20260922_024641,28750,24.4548,661.9,0.783,0.043,0.0634,5.68,13.15,0.1752,0.1191,0.0,0.000147
B1_bgcap_20260922_024641,28800,23.9855,596.35,0.75,0.045,0.063,5.46,11.85,0.1788,0.1221,0.0,0.000147
B1_bgcap_20260922_024641,28850,24.3191,592.73,0.775,0.046,0.0623,5.52,12.33,0.1796,0.1233,0.0,0.000146
B1_bgcap_20260922_024641,28900,24.7565,587.73,0.804,0.048,0.066,5.37,12.66,0.1883,0.1282,0.0,0.000146
B1_bgcap_20260922_024641,28950,24.1699,622.1,0.749,0.041,0.0615,5.77,12.72,0.1692,0.1128,0.0,0.000146
B1_bgcap_20260922_024641,29000,24.1777,590.24,0.791,0.042,0.0599,5.72,12.8,0.1706,0.1148,0.0,0.000146
B1_bgcap_20260922_024641,29050,24.0286,612.66,0.761,0.043,0.061,5.64,12.55,0.1741,0.1179,0.0,0.000146
B1_bgcap_20260922_024641,29100,24.1814,629.09,0.767,0.046,0.0637,5.33,11.89,0.1839,0.1253,0.0,0.000146
B1_bgcap_20260922_024641,29150,24.1958,655.71,0.758,0.045,0.0647,5.46,11.99,0.1784,0.1216,0.0,0.000145
B1_bgcap_20260922_024641,29200,24.4169,567.32,0.775,0.044,0.0638,5.66,12.58,0.1724,0.1194,0.0,0.000145
B1_bgcap_20260922_024641,29250,24.3617,583.26,0.772,0.043,0.0642,5.61,12.41,0.1737,0.1182,0.0,0.000145
B1_bgcap_20260922_024641,29300,24.0877,569.47,0.753,0.041,0.059,5.81,12.69,0.1666,0.1131,0.0,0.000145
B1_bgcap_20260922_024641,29350,24.1312,602.27,0.773,0.041,0.0599,5.87,13.19,0.1664,0.1127,0.0,0.000145
B1_bgcap_20260922_024641,29400,24.3049,665.02,0.771,0.044,0.0638,5.57,12.44,0.1763,0.1185,0.0,0.000144
B1_bgcap_20260922_024641,29450,23.9603,602.27,0.741,0.042,0.0597,5.75,12.42,0.1699,0.1153,0.0,0.000144
B1_bgcap_20260922_024641,29500,24.4445,625.23,0.794,0.044,0.0644,5.63,12.87,0.1753,0.1183,0.0,0.000144
B1_bgcap_20260922_024641,29550,24.1985,598.38,0.755,0.044,0.0639,5.56,12.37,0.1776,0.1194,0.0,0.000144
B1_bgcap_20260922_024641,29600,24.5227,669.2,0.773,0.047,0.0671,5.41,12.07,0.1834,0.1262,0.0,0.000144
B1_bgcap_20260922_024641,29650,24.269,564.97,0.759,0.043,0.0623,5.73,12.78,0.1736,0.1171,0.0,0.000144
B1_bgcap_20260922_024641,29700,24.4728,576.55,0.775,0.044,0.0628,5.7,12.77,0.1734,0.1175,0.0,0.000143
B1_bgcap_20260922_024641,29750,24.1345,652.79,0.756,0.045,0.0634,5.51,12.16,0.1797,0.121,0.0,0.000143
B1_bgcap_20260922_024641,29800,24.674,977.57,0.779,0.047,0.0657,5.62,12.5,0.1805,0.1214,0.0,0.000143
B1_bgcap_20260922_024641,29850,24.842,664.25,0.783,0.05,0.0664,5.43,12.04,0.1882,0.1259,0.0,0.000143
B1_bgcap_20260922_024641,29900,24.6658,638.31,0.801,0.045,0.0629,5.64,12.85,0.1773,0.118,0.0,0.000143
B1_bgcap_20260922_024641,29950,24.723,659.43,0.773,0.046,0.0665,5.65,12.51,0.1771,0.1193,0.0,0.000143
B1_bgcap_20260922_024641,30000,24.7286,623.0,0.789,0.048,0.0672,5.4,12.1,0.1842,0.1247,0.0,0.000142
B1_bgcap_20260922_024641,30050,24.5298,558.73,0.799,0.049,0.0657,5.28,11.95,0.19,0.1278,0.0,0.000142
B1_bgcap_20260922_024641,30100,24.4955,527.81,0.758,0.046,0.0645,5.53,12.43,0.1808,0.1206,0.0,0.000142
B1_bgcap_20260922_024641,30150,24.1829,668.25,0.763,0.044,0.064,5.59,12.32,0.1753,0.1185,0.0,0.000142
B1_bgcap_20260922_024641,30200,24.5237,639.71,0.795,0.046,0.0653,5.59,12.57,0.1798,0.1218,0.0,0.000142
B1_bgcap_20260922_024641,30250,24.1911,609.17,0.762,0.046,0.0639,5.41,11.81,0.1818,0.122,0.0,0.000142
B1_bgcap_20260922_024641,30300,24.2218,615.43,0.76,0.045,0.0652,5.5,11.7,0.1763,0.1206,0.0,0.000141
B1_bgcap_20260922_024641,30350,23.9849,546.99,0.74,0.042,0.0593,5.77,12.39,0.1688,0.1153,0.0,0.000141
B1_bgcap_20260922_024641,30400,24.2344,637.04,0.768,0.045,0.064,5.52,12.21,0.1781,0.1204,0.0,0.000141
B1_bgcap_20260922_024641,30450,24.3477,648.11,0.765,0.044,0.0635,5.68,12.78,0.1758,0.1183,0.0,0.000141
B1_bgcap_20260922_024641,30500,24.2606,565.61,0.771,0.045,0.0637,5.6,12.46,0.1771,0.1196,0.0,0.000141
B1_bgcap_20260922_024641,30550,24.3565,534.16,0.798,0.046,0.0622,5.6,12.61,0.1781,0.1215,0.0,0.000141
B1_bgcap_20260922_024641,30600,24.3029,549.48,0.771,0.046,0.0651,5.56,12.38,0.1793,0.1213,0.0,0.00014
B1_bgcap_20260922_024641,30650,24.2275,594.16,0.782,0.045,0.0622,5.6,12.37,0.1772,0.1195,0.0,0.00014
B1_bgcap_20260922_024641,30700,24.1754,582.41,0.787,0.043,0.0597,5.79,12.7,0.1699,0.1149,0.0,0.00014
B1_bgcap_20260922_024641,30750,24.2323,593.53,0.801,0.045,0.0626,5.66,12.52,0.174,0.1195,0.0,0.00014
B1_bgcap_20260922_024641,30800,24.3889,653.02,0.804,0.045,0.065,5.59,12.51,0.1779,0.1207,0.0,0.00014
B1_bgcap_20260922_024641,30850,23.9237,707.84,0.747,0.041,0.0593,5.91,12.49,0.1627,0.1104,0.0,0.000139
B1_bgcap_20260922_024641,30900,24.1845,634.14,0.764,0.044,0.0618,5.56,12.08,0.1744,0.118,0.0,0.000139
B1_bgcap_20260922_024641,30950,24.0267,588.7,0.753,0.046,0.0613,5.6,12.3,0.1768,0.1207,0.0,0.000139
B1_bgcap_20260922_024641,31000,24.1613,665.47,0.775,0.047,0.0634,5.46,12.0,0.18,0.1225,0.0,0.000139
B1_bgcap_20260922_024641,31050,24.0951,622.41,0.775,0.045,0.0608,5.63,12.58,0.1766,0.1197,0.0,0.000139
B1_bgcap_20260922_024641,31100,24.1655,550.5,0.771,0.048,0.0657,5.26,11.58,0.1868,0.1257,0.0,0.000139
B1_bgcap_20260922_024641,31150,24.5356,663.6,0.804,0.047,0.065,5.55,12.82,0.1831,0.1241,0.0,0.000138
B1_bgcap_20260922_024641,31200,24.386,596.66,0.767,0.045,0.064,5.7,12.92,0.1758,0.1179,0.0,0.000138
B1_bgcap_20260922_024641,31250,24.3642,750.81,0.785,0.046,0.0653,5.47,12.28,0.1822,0.1227,0.0,0.000138
B1_bgcap_20260922_024641,31300,24.2711,643.41,0.766,0.045,0.0641,5.57,12.33,0.177,0.1192,0.0,0.000138
B1_bgcap_20260922_024641,31350,23.9262,590.98,0.763,0.045,0.062,5.59,12.29,0.1759,0.1184,0.0,0.000138
B1_bgcap_20260922_024641,31400,24.0869,654.25,0.755,0.046,0.0645,5.55,12.35,0.1788,0.1219,0.0,0.000138
B1_bgcap_20260922_024641,31450,23.953,648.79,0.741,0.044,0.0614,5.68,12.22,0.1711,0.1164,0.0,0.000137
B1_bgcap_20260922_024641,31500,24.2897,696.96,0.791,0.045,0.0645,5.59,12.42,0.1761,0.12,0.0,0.000137
B1_bgcap_20260922_024641,31550,24.1841,603.08,0.789,0.044,0.0641,5.68,12.35,0.173,0.1176,0.0,0.000137
B1_bgcap_20260922_024641,31600,24.5626,605.09,0.792,0.046,0.0647,5.61,12.71,0.1784,0.12,0.0,0.000137
B1_bgcap_20260922_024641,31650,23.7552,611.35,0.731,0.043,0.0609,5.64,11.74,0.1702,0.116,0.0,0.000137
B1_bgcap_20260922_024641,31700,23.8719,627.3,0.741,0.043,0.0606,5.71,12.4,0.1703,0.1153,0.0,0.000136
B1_bgcap_20260922_024641,31750,23.8561,1113.98,0.774,0.045,0.0611,5.59,12.16,0.1763,0.1183,0.0,0.000136
B1_bgcap_20260922_024641,31800,24.1194,689.27,0.778,0.043,0.062,5.71,12.52,0.173,0.1166,0.0,0.000136
B1_bgcap_20260922_024641,31850,24.147,713.49,0.758,0.045,0.0636,5.67,12.45,0.1757,0.1209,0.0,0.000136
B1_bgcap_20260922_024641,31900,23.8709,691.33,0.761,0.045,0.0608,5.67,12.62,0.1754,0.1198,0.0,0.000136
B1_bgcap_20260922_024641,31950,24.0029,670.34,0.774,0.046,0.0639,5.46,11.79,0.177,0.1214,0.0,0.000136
B1_bgcap_20260922_024641,32000,24.0994,596.87,0.765,0.044,0.0602,5.8,12.79,0.1695,0.1175,0.0,0.000135
B1_bgcap_20260922_024641,32050,24.7696,738.65,0.792,0.05,0.0658,5.53,12.62,0.1841,0.1213,0.0,0.000135
B1_bgcap_20260922_024641,32100,24.7057,666.54,0.801,0.053,0.0652,5.31,11.85,0.1928,0.1271,0.0,0.000135
B1_bgcap_20260922_024641,32150,24.5332,669.17,0.761,0.049,0.0603,5.9,13.05,0.1735,0.1161,0.0,0.000135
B1_bgcap_20260922_024641,32200,25.3228,703.21,0.778,0.059,0.0644,5.63,12.5,0.1897,0.12,0.0,0.000135
B1_bgcap_20260922_024641,32250,25.975,906.12,0.795,0.055,0.0691,5.44,12.67,0.1925,0.1209,0.0,0.000135
B1_bgcap_20260922_024641,32300,26.4457,836.27,0.822,0.06,0.0745,5.11,12.42,0.2091,0.1321,0.0,0.000134
B1_bgcap_20260922_024641,32350,25.7097,649.77,0.792,0.052,0.068,5.34,12.46,0.192,0.1227,0.0,0.000134
B1_bgcap_20260922_024641,32400,25.2155,754.24,0.813,0.052,0.0666,5.32,12.22,0.1921,0.1247,0.0,0.000134
B1_bgcap_20260922_024641,32450,25.0591,733.96,0.789,0.05,0.068,5.35,12.18,0.1909,0.1239,0.0,0.000134
B1_bgcap_20260922_024641,32500,24.4781,587.03,0.748,0.046,0.0626,5.49,11.84,0.1797,0.1181,0.0,0.000134
B1_bgcap_20260922_024641,32550,24.6699,560.24,0.788,0.046,0.0658,5.49,12.32,0.1817,0.1197,0.0,0.000133
B1_bgcap_20260922_024641,32600,24.3419,746.98,0.744,0.044,0.0612,5.79,12.83,0.1728,0.1146,0.0,0.000133
B1_bgcap_20260922_024641,32650,24.8117,832.98,0.77,0.05,0.069,5.28,11.91,0.1919,0.1275,0.0,0.000133
B1_bgcap_20260922_024641,32700,24.5247,754.11,0.775,0.047,0.0652,5.52,12.37,0.1831,0.1213,0.0,0.000133
B1_bgcap_20260922_024641,32750,24.478,738.06,0.771,0.047,0.064,5.56,12.71,0.1825,0.1207,0.0,0.000133
B1_bgcap_20260922_024641,32800,24.6258,700.01,0.805,0.049,0.0664,5.29,12.08,0.1895,0.1265,0.0,0.000133
B1_bgcap_20260922_024641,32850,24.7127,776.95,0.78,0.048,0.0651,5.44,12.14,0.1858,0.1218,0.0,0.000132
B1_bgcap_20260922_024641,32900,24.3782,767.65,0.771,0.047,0.0619,5.55,12.07,0.1796,0.1201,0.0,0.000132
B1_bgcap_20260922_024641,32950,24.9583,944.85,0.767,0.046,0.065,5.66,12.51,0.178,0.1188,0.0,0.000132
B1_bgcap_20260922_024641,33000,25.6523,854.27,0.788,0.053,0.0684,5.25,11.58,0.199,0.1309,0.0,0.000132
B1_bgcap_20260922_024641,33050,26.1617,751.64,0.862,0.054,0.0729,5.16,12.38,0.2078,0.1314,0.0,0.000132
B1_bgcap_20260922_024641,33100,25.1771,1120.25,0.793,0.047,0.0677,5.49,12.32,0.1895,0.1217,0.0,0.000131
B1_bgcap_20260922_024641,33150,25.3024,1076.22,0.804,0.049,0.068,5.41,12.24,0.1906,0.1232,0.0,0.000131
B1_bgcap_20260922_024641,33200,26.0448,1048.97,0.808,0.053,0.0714,5.36,12.3,0.1963,0.1263,0.0,0.000131
B1_bgcap_20260922_024641,33250,25.4342,777.1,0.777,0.05,0.0688,5.36,12.0,0.1937,0.126,0.0,0.000131
B1_bgcap_20260922_024641,33300,25.0726,1387.51,0.778,0.048,0.0641,5.46,12.29,0.1905,0.1232,0.0,0.000131
B1_bgcap_20260922_024641,33350,25.2664,858.47,0.809,0.049,0.0668,5.33,12.0,0.1967,0.1273,0.0,0.000131
B1_bgcap_20260922_024641,33400,25.6398,881.87,0.822,0.049,0.0693,5.41,12.62,0.1953,0.1283,0.0,0.00013
B1_bgcap_20260922_024641,33450,25.3371,865.69,0.795,0.052,0.0676,5.24,12.15,0.203,0.1312,0.0,0.00013
B1_bgcap_20260922_024641,33500,26.3783,1379.09,0.806,0.057,0.0717,5.24,11.8,0.2067,0.1313,0.0,0.00013
B1_bgcap_20260922_024641,33550,27.0739,950.4,0.825,0.058,0.0726,5.22,12.44,0.2114,0.132,0.0,0.00013
B1_bgcap_20260922_024641,33600,27.9428,964.4,0.861,0.06,0.0767,5.08,12.87,0.2251,0.1419,0.0,0.00013
B1_bgcap_20260922_024641,33650,29.6186,1248.37,0.916,0.066,0.0816,4.66,12.48,0.2374,0.1545,0.0,0.00013
B1_bgcap_20260922_024641,33700,28.3901,740.71,0.843,0.063,0.0792,4.84,12.07,0.2339,0.1479,0.0,0.000129
B1_bgcap_20260922_024641,33750,27.3636,544.24,0.831,0.056,0.0731,5.2,12.81,0.2143,0.1344,0.0,0.000129
B1_bgcap_20260922_024641,33800,26.6772,455.09,0.838,0.055,0.0724,5.09,12.15,0.2153,0.1348,0.0,0.000129
B1_bgcap_20260922_024641,33850,25.3843,480.08,0.817,0.047,0.0622,5.54,12.8,0.1895,0.1206,0.0,0.000129
B1_bgcap_20260922_024641,33900,25.2356,509.2,0.815,0.047,0.0654,5.5,12.47,0.1913,0.1215,0.0,0.000129
B1_bgcap_20260922_024641,33950,25.8619,720.47,0.821,0.049,0.0683,5.4,12.64,0.1964,0.1257,0.0,0.000128
B1_bgcap_20260922_024641,34000,26.0743,808.75,0.805,0.052,0.0697,5.19,11.76,0.2081,0.134,0.0,0.000128
B1_bgcap_20260922_024641,34050,26.5144,991.11,0.844,0.051,0.0672,5.38,12.86,0.2049,0.1325,0.0,0.000128
B1_bgcap_20260922_024641,34100,29.5222,6461.51,0.915,0.064,0.0801,4.9,12.76,0.2341,0.1531,0.0,0.000128
B1_bgcap_20260922_024641,34150,38.4209,14882.6,1.149,0.107,0.1209,3.52,12.03,0.3325,0.242,0.0,0.000128
B1_bgcap_20260922_024641,34200,48.561,14415.64,1.276,0.162,0.1606,2.35,13.04,0.4151,0.3339,0.0,0.000128
B1_bgcap_20260922_024641,34250,50.2033,9425.33,1.569,0.18,0.1649,2.2,12.78,0.4408,0.3698,0.0,0.000127
B1_bgcap_20260922_024641,34300,45.3846,646.64,1.149,0.156,0.1458,2.45,12.06,0.4157,0.351,0.0,0.000127
B1_bgcap_20260922_024641,34350,36.8989,426.39,0.989,0.1,0.1096,3.55,12.35,0.3366,0.2381,0.0,0.000127
B1_bgcap_20260922_024641,34400,30.7628,455.9,0.898,0.065,0.0845,4.63,12.72,0.255,0.1542,0.0,0.000127
B1_bgcap_20260922_024641,34450,29.1859,1042.25,0.913,0.059,0.0782,4.95,12.86,0.2353,0.1446,0.0,0.000127
B1_bgcap_20260922_024641,34500,28.2218,715.64,0.847,0.057,0.0748,4.86,12.17,0.2294,0.1409,0.0,0.000126
B1_bgcap_20260922_024641,34550,31.5193,2185.79,1.015,0.072,0.0883,4.48,12.13,0.2603,0.1697,0.0,0.000126
B1_bgcap_20260922_024641,34600,34.1254,2834.15,0.986,0.082,0.1001,3.92,12.27,0.2775,0.1845,0.0,0.000126
B1_bgcap_20260922_024641,34650,31.3665,4870.11,1.042,0.066,0.0832,4.43,13.16,0.2434,0.1522,0.0,0.000126
B1_bgcap_20260922_024641,34700,30.8414,1154.07,0.914,0.067,0.0858,4.45,12.78,0.2457,0.1537,0.0,0.000126
B1_bgcap_20260922_024641,34750,30.8676,1314.59,0.949,0.067,0.0869,4.29,12.31,0.2497,0.1527,0.0,0.000125
B1_bgcap_20260922_024641,34800,30.9511,2226.68,0.957,0.069,0.0868,4.28,12.35,0.2575,0.1603,0.0,0.000125
B1_bgcap_20260922_024641,34850,34.4802,4969.18,0.976,0.088,0.1022,3.83,12.35,0.2938,0.2014,0.0,0.000125
B1_bgcap_20260922_024641,34900,36.062,5916.74,1.004,0.094,0.1098,3.66,12.55,0.2946,0.2067,0.0,0.000125
B1_bgcap_20260922_024641,34950,40.2106,13335.21,1.038,0.141,0.1168,3.41,12.6,0.3628,0.264,0.0,0.000125
B1_bgcap_20260922_024641,35000,46.9396,29918.83,1.356,0.179,0.1471,2.55,12.78,0.4119,0.3191,0.0,0.000125
B1_bgcap_20260922_024641,35050,44.449,7862.05,1.065,0.153,0.1365,2.44,12.36,0.3936,0.3045,0.0,0.000124
B1_bgcap_20260922_024641,35100,49.4306,12256.78,1.501,0.187,0.1757,1.98,12.58,0.4341,0.3494,0.0,0.000124
B1_bgcap_20260922_024641,35150,46.3572,340.1,1.123,0.154,0.1636,2.13,12.88,0.4021,0.3111,0.0,0.000124
B1_bgcap_20260922_024641,35200,45.3893,3542.44,1.32,0.155,0.1648,2.37,11.73,0.3882,0.2841,0.0,0.000124
B1_bgcap_20260922_024641,35250,44.85,7822.48,1.116,0.138,0.1554,2.0,12.79,0.3749,0.2666,0.0,0.000124
B1_bgcap_20260922_024641,35300,43.5099,5285.89,1.059,0.132,0.1509,2.35,12.24,0.3719,0.2703,0.0,0.000123
B1_bgcap_20260922_024641,35350,43.4344,3887.74,1.043,0.133,0.1442,2.33,12.01,0.3745,0.2715,0.0,0.000123
B1_bgcap_20260922_024641,35400,48.4391,35199.21,1.262,0.189,0.164,2.0,11.83,0.419,0.3237,0.0,0.000123
B1_bgcap_20260922_024641,35450,50.7673,38571.82,1.152,0.211,0.1634,2.14,12.07,0.4415,0.3634,0.0,0.000123
B1_bgcap_20260922_024641,35500,48.8063,74478.79,1.18,0.185,0.1668,1.86,12.09,0.4247,0.3426,0.0,0.000123
B1_bgcap_20260922_024641,35550,49.9188,45591.49,1.122,0.176,0.1755,1.95,12.34,0.4316,0.3587,0.0,0.000123
B1_bgcap_20260922_024641,35600,50.8206,106916.8,1.19,0.192,0.1745,2.05,12.66,0.4459,0.3695,0.0,0.000122
B1_bgcap_20260922_024641,35650,50.4274,61841.89,1.166,0.188,0.1736,1.97,12.47,0.4355,0.3554,0.0,0.000122
B1_bgcap_20260922_024641,35700,49.3213,8500.63,1.201,0.179,0.1687,1.98,12.87,0.427,0.3455,0.0,0.000122
B1_bgcap_20260922_024641,35750,53.3936,28599.42,1.834,0.25,0.1888,1.97,12.52,0.4776,0.3981,0.0,0.000122
B1_bgcap_20260922_024641,35800,55.4106,88997.34,1.751,0.228,0.1985,1.77,12.39,0.4751,0.3887,0.0,0.000122
B1_bgcap_20260922_024641,35850,58.4853,60817.28,1.862,0.247,0.2094,1.61,12.56,0.4713,0.3867,0.0,0.000121
B1_bgcap_20260922_024641,35900,56.0928,77299.68,1.26,0.232,0.1971,1.76,12.35,0.4806,0.4073,0.0,0.000121
B1_bgcap_20260922_024641,35950,56.0886,82490.39,1.232,0.246,0.211,1.78,11.85,0.4796,0.3982,0.0,0.000121
B1_bgcap_20260922_024641,36000,57.2303,36305.46,2.057,0.247,0.2117,1.71,12.76,0.4733,0.393,0.0,0.000121
B1_bgcap_20260922_024641,36050,57.036,58213.82,1.763,0.249,0.2085,1.73,12.07,0.4668,0.3849,0.0,0.000121
B1_bgcap_20260922_024641,36100,57.292,53462.11,1.595,0.224,0.2114,1.75,13.11,0.4601,0.3861,0.0,0.000121
B1_bgcap_20260922_024641,36150,56.9033,202258.6,1.116,0.226,0.2072,1.68,12.5,0.4529,0.3851,0.0,0.00012
B1_bgcap_20260922_024641,36200,57.2651,97046.15,1.127,0.233,0.2093,1.65,12.73,0.4542,0.3876,0.0,0.00012
B1_bgcap_20260922_024641,36250,56.6411,269053.8,1.343,0.24,0.2055,1.68,11.78,0.4656,0.3902,0.0,0.00012
B1_bgcap_20260922_024641,36300,56.25,120799.67,1.261,0.237,0.2115,1.76,12.79,0.4553,0.3888,0.0,0.00012
B1_bgcap_20260922_024641,36350,56.462,80975.15,1.329,0.237,0.2106,1.68,12.51,0.4581,0.3903,0.0,0.00012
B1_bgcap_20260922_024641,36400,58.5356,55665.77,2.316,0.254,0.2127,1.55,13.2,0.4737,0.3981,0.0,0.000119
B1_bgcap_20260922_024641,36450,57.6204,36850.03,1.542,0.238,0.2149,1.75,12.97,0.4602,0.4019,0.0,0.000119
B1_bgcap_20260922_024641,36500,56.2297,100662.73,1.21,0.25,0.216,1.71,12.46,0.4661,0.3899,0.0,0.000119
B1_bgcap_20260922_024641,36550,56.6214,60214.64,1.479,0.236,0.2064,1.58,12.16,0.459,0.3845,0.0,0.000119
B1_bgcap_20260922_024641,36600,57.7449,51164.67,1.456,0.241,0.214,1.63,12.92,0.4617,0.3893,0.0,0.000119
B1_bgcap_20260922_024641,36650,55.5009,50795.44,1.16,0.235,0.2053,1.6,12.46,0.4613,0.3896,0.0,0.000118
B1_bgcap_20260922_024641,36700,56.5228,78832.2,1.521,0.228,0.2033,1.6,12.16,0.4568,0.392,0.0,0.000118
B1_bgcap_20260922_024641,36750,54.3441,86376.21,1.12,0.222,0.2009,1.61,11.74,0.4556,0.3875,0.0,0.000118
B1_bgcap_20260922_024641,36800,54.1895,155387.69,1.013,0.232,0.2016,1.79,11.99,0.4587,0.3937,0.0,0.000118
B1_bgcap_20260922_024641,36850,55.6142,46207.28,1.071,0.236,0.2024,1.82,12.22,0.4605,0.4011,0.0,0.000118
B1_bgcap_20260922_024641,36900,57.4177,38572.77,1.249,0.242,0.2006,1.72,12.11,0.464,0.4107,0.0,0.000118
B1_bgcap_20260922_024641,36950,59.0729,86297.05,1.337,0.246,0.2124,1.75,11.99,0.4765,0.4058,0.0,0.000117
B1_bgcap_20260922_024641,37000,57.5988,69789.59,1.132,0.233,0.2079,1.72,11.96,0.4634,0.396,0.0,0.000117
B1_bgcap_20260922_024641,37050,57.6957,46943.14,1.17,0.241,0.2052,1.63,11.95,0.4675,0.3969,0.0,0.000117
B1_bgcap_20260922_024641,37100,55.9762,306442.04,1.879,0.241,0.2082,1.72,12.66,0.4646,0.3948,0.0,0.000117
B1_bgcap_20260922_024641,37150,54.5277,47678.8,1.09,0.238,0.206,1.66,12.4,0.4634,0.3991,0.0,0.000117
B1_bgcap_20260922_024641,37200,54.8036,35338.61,1.183,0.237,0.208,1.72,12.48,0.4658,0.4105,0.0,0.000116
B1_bgcap_20260922_024641,37250,55.2541,66148.05,1.237,0.237,0.2006,1.74,12.22,0.4616,0.4171,0.0,0.000116
B1_bgcap_20260922_024641,37300,53.2701,44513.42,1.069,0.219,0.1953,1.77,12.38,0.4553,0.3854,0.0,0.000116
B1_bgcap_20260922_024641,37350,53.608,80608.63,1.403,0.229,0.1913,1.87,12.72,0.4636,0.3928,0.0,0.000116
B1_bgcap_20260922_024641,37400,53.3946,50220.89,1.099,0.209,0.1864,1.86,12.38,0.4509,0.3877,0.0,0.000116
B1_bgcap_20260922_024641,37450,52.8099,27013.47,1.053,0.205,0.1802,1.91,12.38,0.4456,0.3846,0.0,0.000115
B1_bgcap_20260922_024641,37500,52.7372,21885.21,1.139,0.218,0.1843,1.9,12.5,0.4516,0.3884,0.0,0.000115
B1_bgcap_20260922_024641,37550,54.2354,23315.61,1.218,0.225,0.1874,1.93,12.55,0.4535,0.3882,0.0,0.000115
B1_bgcap_20260922_024641,37600,55.2531,35516.37,1.112,0.234,0.1944,1.89,12.32,0.4593,0.3944,0.0,0.000115
B1_bgcap_20260922_024641,37650,55.2525,105244.82,1.9,0.235,0.2003,1.79,12.17,0.4634,0.4017,0.0,0.000115
B1_bgcap_20260922_024641,37700,55.5662,23221.49,1.892,0.24,0.2023,1.81,12.72,0.4628,0.3956,0.0,0.000115
B1_bgcap_20260922_024641,37750,55.78,41609.73,1.343,0.225,0.2018,1.73,12.81,0.4573,0.3915,0.0,0.000114
B1_bgcap_20260922_024641,37800,55.3155,47479.76,1.205,0.23,0.2045,1.66,12.01,0.4613,0.4031,0.0,0.000114
B1_bgcap_20260922_024641,37850,54.6787,35579.19,1.553,0.225,0.1941,1.73,12.35,0.454,0.3897,0.0,0.000114
B1_bgcap_20260922_024641,37900,52.3894,1030.55,1.118,0.252,0.1955,1.81,12.13,0.4683,0.3947,0.0,0.000114
B1_bgcap_20260922_024641,37950,50.484,1030.95,1.025,0.236,0.1838,1.91,12.05,0.4577,0.3898,0.0,0.000114
B1_bgcap_20260922_024641,38000,49.4136,623.14,0.974,0.228,0.1738,1.97,12.48,0.4587,0.3893,0.0,0.000113
B1_bgcap_20260922_024641,38050,48.0772,497.06,0.948,0.214,0.1626,2.07,12.39,0.4442,0.3842,0.0,0.000113
B1_bgcap_20260922_024641,38100,47.6772,718.14,0.995,0.203,0.1597,2.19,12.77,0.4441,0.3837,0.0,0.000113
B1_bgcap_20260922_024641,38150,47.0241,2155.96,0.912,0.195,0.155,2.21,12.04,0.4377,0.379,0.0,0.000113
B1_bgcap_20260922_024641,38200,46.4963,431.63,0.94,0.186,0.1519,2.26,12.22,0.4396,0.3803,0.0,0.000113
B1_bgcap_20260922_024641,38250,46.011,404.7,1.016,0.181,0.1431,2.34,12.97,0.4314,0.376,0.0,0.000113
B1_bgcap_20260922_024641,38300,45.5071,430.38,0.954,0.173,0.1437,2.41,12.5,0.4346,0.3782,0.0,0.000112
B1_bgcap_20260922_024641,38350,45.337,421.76,0.918,0.167,0.1466,2.48,12.49,0.4272,0.3748,0.0,0.000112
B1_bgcap_20260922_024641,38400,44.4034,376.18,0.89,0.162,0.1446,2.53,11.88,0.427,0.3791,0.0,0.000112
B1_bgcap_20260922_024641,38450,44.4279,493.2,1.007,0.156,0.1403,2.52,12.4,0.4196,0.3731,0.0,0.000112
B1_bgcap_20260922_024641,38500,43.3645,349.85,0.889,0.152,0.1387,2.61,11.84,0.4182,0.3723,0.0,0.000112
B1_bgcap_20260922_024641,38550,43.0657,374.68,0.903,0.147,0.1279,2.59,12.85,0.4063,0.3582,0.0,0.000111
B1_bgcap_20260922_024641,38600,42.3844,314.77,0.868,0.142,0.1267,2.7,12.8,0.4019,0.3532,0.0,0.000111
B1_bgcap_20260922_024641,38650,41.9204,275.26,0.889,0.139,0.126,2.75,12.51,0.4019,0.3549,0.0,0.000111
B1_bgcap_20260922_024641,38700,41.471,293.17,0.864,0.136,0.1255,2.79,12.46,0.3968,0.3497,0.0,0.000111
B1_bgcap_20260922_024641,38750,40.5789,274.05,0.896,0.13,0.1163,2.84,12.14,0.3893,0.3408,0.0,0.000111
B1_bgcap_20260922_024641,38800,40.8031,1477.69,0.885,0.13,0.1244,2.83,11.95,0.3909,0.3415,0.0,0.00011
B1_bgcap_20260922_024641,38850,42.5065,3126.29,0.978,0.144,0.1303,2.68,12.48,0.4005,0.3457,0.0,0.00011
B1_bgcap_20260922_024641,38900,40.3489,306.38,0.907,0.128,0.1126,2.83,12.6,0.3822,0.3263,0.0,0.00011
B1_bgcap_20260922_024641,38950,39.9191,284.61,0.876,0.124,0.1195,2.86,12.09,0.3826,0.3287,0.0,0.00011
B1_bgcap_20260922_024641,39000,39.682,302.59,0.885,0.122,0.1142,2.92,13.19,0.3764,0.3211,0.0,0.00011
B1_bgcap_20260922_024641,39050,38.7172,280.72,0.856,0.117,0.1112,2.88,11.8,0.3715,0.3124,0.0,0.00011
B1_bgcap_20260922_024641,39100,38.2622,266.69,0.877,0.112,0.1063,2.96,12.57,0.3633,0.2995,0.0,0.000109
B1_bgcap_20260922_024641,39150,38.4987,293.03,0.884,0.111,0.1101,3.01,12.75,0.3619,0.2951,0.0,0.000109
B1_bgcap_20260922_024641,39200,37.847,282.93,0.858,0.106,0.1066,3.03,12.36,0.3552,0.2846,0.0,0.000109
B1_bgcap_20260922_024641,39250,37.2733,285.13,0.841,0.106,0.1056,3.01,12.05,0.354,0.2818,0.0,0.000109
B1_bgcap_20260922_024641,39300,37.3219,291.59,0.838,0.102,0.1069,3.06,12.35,0.3519,0.2762,0.0,0.000109
B1_bgcap_20260922_024641,39350,36.7358,270.19,0.858,0.099,0.0985,3.18,13.02,0.3417,0.262,0.0,0.000108
B1_bgcap_20260922_024641,39400,36.3228,296.34,0.835,0.098,0.0986,3.18,12.29,0.3368,0.2539,0.0,0.000108
B1_bgcap_20260922_024641,39450,36.0059,277.24,0.823,0.096,0.0979,3.2,12.42,0.3383,0.2541,0.0,0.000108
B1_bgcap_20260922_024641,39500,36.1679,291.83,0.849,0.097,0.1009,3.21,12.72,0.3344,0.2495,0.0,0.000108
B1_bgcap_20260922_024641,39550,35.7088,295.36,0.833,0.095,0.1023,3.18,11.84,0.3347,0.2502,0.0,0.000108
B1_bgcap_20260922_024641,39600,35.7498,307.41,0.953,0.092,0.0983,3.25,12.72,0.3282,0.241,0.0,0.000107
B1_bgcap_20260922_024641,39650,35.388,359.08,0.856,0.093,0.0982,3.26,12.47,0.3268,0.2385,0.0,0.000107
B1_bgcap_20260922_024641,39700,35.3588,327.45,0.822,0.09,0.1,3.27,12.13,0.3249,0.2366,0.0,0.000107
B1_bgcap_20260922_024641,39750,34.5188,303.11,0.823,0.086,0.0907,3.34,12.1,0.3145,0.2252,0.0,0.000107
B1_bgcap_20260922_024641,39800,34.7936,319.97,0.831,0.089,0.101,3.29,12.19,0.3217,0.2292,0.0,0.000107
B1_bgcap_20260922_024641,39850,34.0525,333.27,0.833,0.085,0.0912,3.36,12.16,0.3121,0.2207,0.0,0.000107
B1_bgcap_20260922_024641,39900,34.6403,349.57,0.872,0.086,0.0958,3.39,12.94,0.3138,0.221,0.0,0.000106
B1_bgcap_20260922_024641,39950,33.8505,332.85,0.825,0.083,0.0907,3.41,12.27,0.3066,0.2148,0.0,0.000106
B1_bgcap_20260922_024641,40000,33.847,346.63,0.854,0.083,0.09,3.47,12.71,0.3041,0.213,0.0,0.000106
B1_bgcap_20260922_024641,40050,33.4528,314.03,0.845,0.081,0.0883,3.5,12.41,0.2999,0.2092,0.008,0.000106
B1_bgcap_20260922_024641,40100,33.9283,369.65,0.815,0.08,0.0999,3.47,12.42,0.301,0.2097,0.025,0.000106
B1_bgcap_20260922_024641,40150,34.1843,361.66,0.819,0.08,0.1058,3.44,12.33,0.3005,0.2073,0.042,0.000105
B1_bgcap_20260922_024641,40200,33.8517,387.62,0.822,0.08,0.1058,3.46,12.13,0.2998,0.2082,0.058,0.000105
B1_bgcap_20260922_024641,40250,34.1541,404.14,0.855,0.079,0.1111,3.48,12.75,0.2984,0.2057,0.075,0.000105
B1_bgcap_20260922_024641,40300,34.1961,401.32,0.836,0.079,0.1132,3.51,12.38,0.2949,0.204,0.091,0.000105
B1_bgcap_20260922_024641,40350,34.59,437.1,0.867,0.077,0.1191,3.57,12.38,0.288,0.1991,0.108,0.000105
B1_bgcap_20260922_024641,40400,34.2169,440.22,0.835,0.08,0.1232,3.46,11.8,0.297,0.2047,0.125,0.000104
B1_bgcap_20260922_024641,40450,34.1407,441.59,0.838,0.076,0.12,3.56,12.13,0.2861,0.1969,0.141,0.000104
B1_bgcap_20260922_024641,40500,34.6305,459.86,0.851,0.078,0.1306,3.51,11.97,0.2908,0.1995,0.158,0.000104
B1_bgcap_20260922_024641,40550,34.6714,454.7,0.858,0.076,0.1311,3.62,12.26,0.2842,0.1958,0.175,0.000104
B1_bgcap_20260922_024641,40600,34.9794,558.32,0.91,0.075,0.1339,3.66,12.59,0.2808,0.1939,0.192,0.000104
B1_bgcap_20260922_024641,40650,34.6128,482.38,0.875,0.075,0.1312,3.66,12.27,0.2793,0.193,0.208,0.000104
B1g_20260924_105249,30050,24.87,521.66,0.719,0.045,0.0694,5.47,12.3,0.1779,0.1188,0.0,0.000142
B1g_20260924_105249,30100,25.1126,632.69,0.695,0.047,0.0709,5.31,12.09,0.1792,0.1217,0.0,0.000142
B1g_20260924_105249,30150,26.2194,538.03,0.722,0.05,0.083,5.15,12.02,0.195,0.1283,0.0,0.000142
B1g_20260924_105249,30200,25.9423,528.09,0.729,0.048,0.0802,5.29,12.6,0.189,0.1241,0.0,0.000142
B1g_20260924_105249,30250,25.5156,547.42,0.714,0.047,0.0774,5.3,11.92,0.1837,0.1229,0.0,0.000142
B1g_20260924_105249,30300,25.8504,476.68,0.715,0.046,0.0793,5.49,12.57,0.1788,0.1207,0.0,0.000141
B1g_20260924_105249,30350,25.8392,490.52,0.715,0.043,0.0796,5.6,13.04,0.1747,0.1161,0.0,0.000141
B1g_20260924_105249,30400,26.0318,542.87,0.71,0.045,0.0836,5.46,12.56,0.1801,0.12,0.0,0.000141
B1g_20260924_105249,30450,25.9274,509.32,0.715,0.045,0.0847,5.29,11.88,0.1811,0.1208,0.0,0.000141
B1g_20260924_105249,30500,25.8133,514.77,0.719,0.044,0.0799,5.53,12.68,0.1763,0.1173,0.0,0.000141
B1g_20260924_105249,30550,26.1893,566.66,0.731,0.043,0.0818,5.6,12.81,0.1741,0.1166,0.0,0.000141
B1g_20260924_105249,30600,25.6186,497.81,0.711,0.043,0.0791,5.52,12.27,0.173,0.1162,0.0,0.00014
B1g_20260924_105249,30650,25.8107,517.33,0.743,0.043,0.0783,5.51,12.56,0.1741,0.1161,0.0,0.00014
B1g_20260924_105249,30700,26.0385,505.45,0.719,0.045,0.0856,5.3,12.23,0.1821,0.1212,0.0,0.00014
B1g_20260924_105249,30750,25.6276,516.71,0.727,0.041,0.0774,5.68,12.97,0.1691,0.1134,0.0,0.00014
B1g_20260924_105249,30800,25.9857,569.13,0.723,0.042,0.0829,5.51,12.29,0.1738,0.1158,0.0,0.00014
B1g_20260924_105249,30850,25.9784,544.64,0.748,0.042,0.0811,5.7,12.99,0.1691,0.114,0.0,0.000139
B1g_20260924_105249,30900,25.9471,499.87,0.741,0.045,0.0843,5.28,12.07,0.1814,0.121,0.0,0.000139
B1g_20260924_105249,30950,26.4087,572.65,0.742,0.046,0.0887,5.31,12.17,0.1816,0.123,0.0,0.000139
B1g_20260924_105249,31000,25.8935,522.28,0.729,0.044,0.0838,5.43,12.14,0.1747,0.1175,0.0,0.000139
B1g_20260924_105249,31050,26.0022,503.97,0.736,0.042,0.0825,5.65,12.98,0.1712,0.114,0.0,0.000139
B1g_20260924_105249,31100,25.7169,546.33,0.723,0.042,0.0802,5.55,12.27,0.1705,0.1149,0.0,0.000139
B1g_20260924_105249,31150,25.5791,538.88,0.711,0.041,0.0804,5.63,12.44,0.1679,0.113,0.0,0.000138
B1g_20260924_105249,31200,26.2708,628.33,0.746,0.045,0.0877,5.28,12.14,0.1809,0.1202,0.0,0.000138
B1g_20260924_105249,31250,26.1066,560.86,0.736,0.043,0.0826,5.56,12.69,0.1731,0.1156,0.0,0.000138
B1g_20260924_105249,31300,25.7711,524.32,0.719,0.041,0.0806,5.62,12.57,0.1682,0.1134,0.0,0.000138
B1g_20260924_105249,31350,25.8632,556.46,0.737,0.043,0.0811,5.53,12.41,0.1717,0.1171,0.0,0.000138
B1g_20260924_105249,31400,25.7429,533.81,0.726,0.041,0.0818,5.62,12.54,0.1672,0.1129,0.0,0.000138
B1g_20260924_105249,31450,26.0922,479.78,0.744,0.044,0.086,5.33,12.12,0.1769,0.1179,0.0,0.000137
B1g_20260924_105249,31500,25.6437,482.34,0.727,0.044,0.0843,5.43,11.91,0.1723,0.1169,0.0,0.000137
B1g_20260924_105249,31550,26.2461,594.28,0.771,0.044,0.0892,5.28,12.4,0.1803,0.1199,0.0,0.000137
B1g_20260924_105249,31600,26.244,537.22,0.763,0.043,0.0863,5.55,12.99,0.1731,0.1158,0.0,0.000137
B1g_20260924_105249,31650,25.8158,556.7,0.732,0.043,0.082,5.54,12.35,0.1713,0.1161,0.0,0.000137
B1g_20260924_105249,31700,25.5514,534.22,0.71,0.041,0.0793,5.74,12.55,0.1644,0.1114,0.0,0.000136
B1g_20260924_105249,31750,26.1237,642.4,0.736,0.043,0.0848,5.54,12.56,0.1729,0.1179,0.0,0.000136
B1g_20260924_105249,31800,25.7963,528.63,0.731,0.041,0.0825,5.74,12.9,0.1664,0.1126,0.0,0.000136
B1g_20260924_105249,31850,25.215,684.91,0.696,0.055,0.0869,4.61,10.72,0.1789,0.1178,0.0,0.000136
B1g_20260924_105249,31900,27.3782,588.48,0.779,0.053,0.089,5.29,12.25,0.1871,0.1202,0.0,0.000136
B1g_20260924_105249,31950,27.084,513.24,0.781,0.051,0.0863,5.41,12.67,0.183,0.116,0.0,0.000136
B1g_20260924_105249,32000,27.075,517.77,0.755,0.053,0.0927,5.06,11.45,0.1905,0.122,0.0,0.000135
B1g_20260924_105249,32050,27.2326,475.97,0.768,0.05,0.0908,5.18,11.85,0.1904,0.1212,0.0,0.000135
B1g_20260924_105249,32100,26.9003,494.14,0.764,0.047,0.089,5.37,12.35,0.1824,0.1207,0.0,0.000135
B1g_20260924_105249,32150,26.4645,473.79,0.746,0.046,0.0863,5.35,12.1,0.1813,0.1172,0.0,0.000135
B1g_20260924_105249,32200,26.1742,490.66,0.749,0.044,0.0852,5.46,12.48,0.1765,0.115,0.0,0.000135
B1g_20260924_105249,32250,26.1899,523.2,0.756,0.045,0.0829,5.43,12.55,0.1791,0.1191,0.0,0.000135
B1g_20260924_105249,32300,26.2018,526.9,0.746,0.044,0.0879,5.48,12.58,0.1766,0.116,0.0,0.000134
B1g_20260924_105249,32350,26.0784,566.12,0.756,0.043,0.0842,5.59,12.81,0.1721,0.1147,0.0,0.000134
B1g_20260924_105249,32400,25.6468,529.73,0.727,0.042,0.0815,5.5,12.08,0.1705,0.1136,0.0,0.000134
B1g_20260924_105249,32450,26.4613,556.09,0.758,0.044,0.0882,5.43,12.31,0.1749,0.1194,0.0,0.000134
B1g_20260924_105249,32500,26.3989,577.21,0.755,0.044,0.0902,5.39,12.36,0.1765,0.1181,0.0,0.000134
B1g_20260924_105249,32550,25.6376,519.93,0.725,0.042,0.0807,5.59,12.35,0.1685,0.1135,0.0,0.000133
B1g_20260924_105249,32600,26.454,580.59,0.752,0.044,0.0888,5.43,12.5,0.1762,0.1182,0.0,0.000133
B1g_20260924_105249,32650,26.3776,552.04,0.772,0.046,0.0896,5.3,12.23,0.1806,0.123,0.0,0.000133
B1g_20260924_105249,32700,25.4912,539.86,0.717,0.041,0.0809,5.6,12.24,0.1673,0.1122,0.0,0.000133
B1g_20260924_105249,32750,25.7208,487.04,0.736,0.04,0.0804,5.7,12.66,0.1644,0.1101,0.0,0.000133
B1g_20260924_105249,32800,25.4996,565.22,0.757,0.041,0.079,5.65,12.46,0.1652,0.1137,0.0,0.000133
B1g_20260924_105249,32850,25.6484,529.74,0.722,0.041,0.08,5.74,12.74,0.1646,0.1129,0.0,0.000132
B1g_20260924_105249,32900,26.2189,545.7,0.763,0.045,0.0896,5.3,12.36,0.1792,0.1207,0.0,0.000132
B1g_20260924_105249,32950,26.2784,508.51,0.754,0.044,0.0921,5.27,12.04,0.1784,0.1194,0.0,0.000132
B1g_20260924_105249,33000,26.2141,546.48,0.745,0.043,0.0889,5.4,12.2,0.1745,0.1182,0.0,0.000132
B1g_20260924_105249,33050,26.0612,547.18,0.745,0.042,0.0859,5.59,12.58,0.169,0.1138,0.0,0.000132
B1g_20260924_105249,33100,26.3052,595.41,0.762,0.043,0.0908,5.4,12.47,0.1752,0.1175,0.0,0.000131
B1g_20260924_105249,33150,26.1553,547.23,0.767,0.045,0.0922,5.18,11.97,0.1821,0.1209,0.0,0.000131
B1g_20260924_105249,33200,25.801,546.19,0.758,0.041,0.0818,5.73,13.33,0.1662,0.1127,0.0,0.000131
B1g_20260924_105249,33250,25.7002,575.3,0.748,0.043,0.0839,5.42,11.98,0.1711,0.1154,0.0,0.000131
B1g_20260924_105249,33300,25.6926,555.02,0.75,0.044,0.0819,5.46,12.14,0.1724,0.1187,0.0,0.000131
B1g_20260924_105249,33350,25.5642,545.87,0.745,0.042,0.0812,5.56,12.21,0.169,0.1156,0.0,0.000131
B1g_20260924_105249,33400,25.5461,501.37,0.721,0.042,0.0814,5.6,12.38,0.1671,0.114,0.0,0.00013
B1g_20260924_105249,33450,26.0478,582.88,0.762,0.044,0.088,5.38,12.38,0.1775,0.1208,0.0,0.00013
B1g_20260924_105249,33500,26.0669,539.88,0.754,0.042,0.0887,5.48,12.38,0.1721,0.1154,0.0,0.00013
B1g_20260924_105249,33550,25.6384,519.42,0.738,0.043,0.0848,5.44,12.05,0.1706,0.115,0.0,0.00013
B1g_20260924_105249,33600,25.8783,531.25,0.742,0.045,0.0887,5.25,11.76,0.1788,0.1223,0.0,0.00013
B1g_20260924_105249,33650,25.5591,513.84,0.721,0.041,0.0815,5.69,12.28,0.1641,0.113,0.0,0.00013
B1g_20260924_105249,33700,26.0963,552.33,0.761,0.043,0.0867,5.51,12.53,0.1717,0.1176,0.0,0.000129
B1g_20260924_105249,33750,25.6037,556.01,0.736,0.041,0.0843,5.57,12.2,0.1664,0.1132,0.0,0.000129
B1g_20260924_105249,33800,25.9261,559.3,0.744,0.042,0.0857,5.57,12.38,0.1693,0.1153,0.0,0.000129
B1g_20260924_105249,33850,25.9487,555.99,0.761,0.041,0.0851,5.67,12.95,0.1685,0.1135,0.0,0.000129
B1g_20260924_105249,33900,25.8132,499.38,0.749,0.039,0.0814,5.95,13.18,0.1578,0.1085,0.0,0.000129
B1g_20260924_105249,33950,25.8803,569.97,0.764,0.041,0.0841,5.73,12.9,0.1659,0.1122,0.0,0.000128
B1g_20260924_105249,34000,26.1088,556.57,0.76,0.044,0.0906,5.29,11.82,0.1743,0.1195,0.0,0.000128
B1g_20260924_105249,34050,25.6399,578.1,0.739,0.041,0.081,5.73,12.81,0.1645,0.1139,0.0,0.000128
B1g_20260924_105249,34100,25.9225,568.53,0.742,0.043,0.0892,5.42,12.21,0.173,0.116,0.0,0.000128
B1g_20260924_105249,34150,25.7126,539.38,0.754,0.043,0.0832,5.49,12.57,0.1709,0.1164,0.0,0.000128
B1g_20260924_105249,34200,25.6834,536.39,0.743,0.041,0.0844,5.55,12.25,0.1679,0.1132,0.0,0.000128
B1g_20260924_105249,34250,25.6733,592.28,0.727,0.041,0.0843,5.61,12.25,0.1662,0.1136,0.0,0.000127
B1g_20260924_105249,34300,25.648,583.79,0.745,0.04,0.0823,5.74,12.66,0.1625,0.1106,0.0,0.000127
B1g_20260924_105249,34350,25.8029,503.41,0.729,0.041,0.0857,5.66,12.3,0.1631,0.1116,0.0,0.000127
B1g_20260924_105249,34400,25.5434,614.85,0.739,0.041,0.0813,5.7,12.42,0.1639,0.1132,0.0,0.000127
B1g_20260924_105249,34450,25.9077,560.99,0.772,0.041,0.084,5.69,12.92,0.1665,0.1132,0.0,0.000127
B1g_20260924_105249,34500,26.0843,497.23,0.763,0.044,0.0889,5.51,12.65,0.1735,0.1185,0.0,0.000126
B1g_20260924_105249,34550,26.4522,526.83,0.78,0.047,0.0936,5.14,11.85,0.1815,0.1256,0.0,0.000126
B1g_20260924_105249,34600,25.6734,534.58,0.731,0.039,0.0817,5.9,13.14,0.1594,0.1086,0.0,0.000126
B1g_20260924_105249,34650,25.4051,596.02,0.73,0.04,0.0812,5.8,12.74,0.1596,0.1092,0.0,0.000126
B1g_20260924_105249,34700,25.616,554.54,0.746,0.041,0.0801,5.71,12.72,0.1652,0.1125,0.0,0.000126
B1g_20260924_105249,34750,25.6801,587.95,0.746,0.043,0.0838,5.55,12.43,0.1705,0.1174,0.0,0.000125
B1g_20260924_105249,34800,26.0138,513.06,0.768,0.044,0.0898,5.39,12.1,0.1737,0.1192,0.0,0.000125
B1g_20260924_105249,34850,25.8486,588.21,0.752,0.042,0.0835,5.64,12.6,0.1663,0.1145,0.0,0.000125
B1g_20260924_105249,34900,25.4657,523.19,0.722,0.042,0.0836,5.61,12.0,0.1646,0.1142,0.0,0.000125
B1g_20260924_105249,34950,25.7723,579.87,0.753,0.043,0.0858,5.5,12.19,0.1704,0.1179,0.0,0.000125
B1g_20260924_105249,35000,25.7584,572.51,0.744,0.043,0.087,5.45,12.2,0.1712,0.1166,0.0,0.000125
B1g_20260924_105249,35050,25.8018,510.12,0.724,0.043,0.0858,5.46,11.81,0.1684,0.1165,0.0,0.000124
B1g_20260924_105249,35100,25.7797,528.43,0.741,0.041,0.0844,5.7,12.57,0.1621,0.1125,0.0,0.000124
B1g_20260924_105249,35150,25.1739,526.67,0.727,0.039,0.0791,5.79,12.25,0.1577,0.109,0.0,0.000124
B1g_20260924_105249,35200,26.0017,582.41,0.753,0.043,0.0876,5.51,12.3,0.1696,0.118,0.0,0.000124
B1g_20260924_105249,35250,25.8985,571.35,0.758,0.043,0.0872,5.54,12.68,0.1707,0.1169,0.0,0.000124
B1g_20260924_105249,35300,25.6573,536.65,0.738,0.04,0.0828,5.77,12.8,0.1619,0.1109,0.0,0.000123
B1g_20260924_105249,35350,25.6208,542.57,0.738,0.042,0.0828,5.61,12.46,0.1672,0.1155,0.0,0.000123
B1g_20260924_105249,35400,25.7571,517.83,0.751,0.042,0.0854,5.55,12.48,0.168,0.1151,0.0,0.000123
B1g_20260924_105249,35450,25.7393,507.81,0.737,0.042,0.0839,5.71,12.81,0.1642,0.113,0.0,0.000123
B1g_20260924_105249,35500,26.1052,512.29,0.787,0.042,0.086,5.63,13.13,0.1682,0.1154,0.0,0.000123
B1g_20260924_105249,35550,26.0326,555.02,0.756,0.043,0.0902,5.51,12.51,0.1704,0.1161,0.0,0.000123
B1g_20260924_105249,35600,25.7683,500.88,0.744,0.043,0.0881,5.42,12.11,0.1706,0.1165,0.0,0.000122
B1g_20260924_105249,35650,25.3857,548.69,0.731,0.04,0.0803,5.85,12.92,0.1597,0.1098,0.0,0.000122
B1g_20260924_105249,35700,26.1301,531.66,0.759,0.044,0.0935,5.4,11.98,0.1729,0.1193,0.0,0.000122
B1g_20260924_105249,35750,25.6468,609.72,0.739,0.042,0.0846,5.6,12.26,0.1669,0.1159,0.0,0.000122
B1g_20260924_105249,35800,25.581,563.87,0.762,0.044,0.0859,5.44,11.95,0.1697,0.1176,0.0,0.000122
B1g_20260924_105249,35850,25.4426,490.63,0.743,0.041,0.0813,5.62,12.19,0.1632,0.1133,0.0,0.000121
B1g_20260924_105249,35900,25.1604,577.65,0.732,0.04,0.0761,5.91,12.94,0.1579,0.109,0.0,0.000121
B1g_20260924_105249,35950,25.4186,509.2,0.748,0.042,0.084,5.53,12.39,0.1682,0.1147,0.0,0.000121
B1g_20260924_105249,36000,25.1782,507.59,0.726,0.039,0.0767,5.97,13.03,0.1563,0.1087,0.0,0.000121
B1g_20260924_105249,36050,25.7586,514.7,0.739,0.042,0.0844,5.67,12.55,0.1637,0.1144,0.0,0.000121
B1g_20260924_105249,36100,25.5306,571.03,0.734,0.041,0.0838,5.69,12.45,0.1634,0.114,0.0,0.000121
B1g_20260924_105249,36150,25.8722,537.99,0.768,0.043,0.088,5.49,12.49,0.1704,0.1176,0.0,0.00012
B1g_20260924_105249,36200,25.5696,510.74,0.75,0.042,0.0823,5.62,12.42,0.165,0.1141,0.0,0.00012
B1g_20260924_105249,36250,25.7621,543.21,0.727,0.043,0.0883,5.48,12.19,0.1702,0.1173,0.0,0.00012
B1g_20260924_105249,36300,25.8705,577.16,0.755,0.042,0.0851,5.64,12.76,0.1662,0.1155,0.0,0.00012
B1g_20260924_105249,36350,24.9832,522.8,0.719,0.039,0.0766,5.94,12.73,0.1549,0.107,0.0,0.00012
B1g_20260924_105249,36400,25.6159,528.5,0.734,0.041,0.0833,5.81,12.81,0.1615,0.1118,0.0,0.000119
B1g_20260924_105249,36450,25.6804,597.42,0.74,0.041,0.0854,5.62,12.37,0.1642,0.1132,0.0,0.000119
B1g_20260924_105249,36500,25.7435,516.03,0.737,0.042,0.088,5.54,12.08,0.1657,0.1153,0.0,0.000119
B1g_20260924_105249,36550,25.6893,528.27,0.743,0.042,0.0865,5.6,12.29,0.1651,0.1137,0.0,0.000119
B1g_20260924_105249,36600,25.6757,567.08,0.744,0.042,0.0885,5.43,11.87,0.1687,0.1156,0.0,0.000119
B1g_20260924_105249,36650,25.6746,550.64,0.743,0.042,0.0847,5.63,12.36,0.1647,0.1148,0.0,0.000118
B1g_20260924_105249,36700,26.0694,592.66,0.756,0.045,0.0936,5.27,11.76,0.1754,0.1215,0.0,0.000118
B1g_20260924_105249,36750,25.748,598.39,0.746,0.042,0.0853,5.6,12.55,0.1669,0.1163,0.0,0.000118
B1g_20260924_105249,36800,26.0745,524.66,0.758,0.043,0.0924,5.42,12.23,0.1712,0.1178,0.0,0.000118
B1g_20260924_105249,36850,25.2715,525.02,0.753,0.043,0.0825,5.5,11.92,0.1661,0.1166,0.0,0.000118
B1g_20260924_105249,36900,24.8513,508.7,0.719,0.038,0.0756,5.93,12.62,0.1529,0.1055,0.0,0.000118
B1g_20260924_105249,36950,25.4001,499.64,0.747,0.041,0.0813,5.65,12.51,0.1637,0.1136,0.0,0.000117
B1g_20260924_105249,37000,26.1497,539.25,0.77,0.043,0.0912,5.41,12.28,0.1719,0.1183,0.0,0.000117
B1g_20260924_105249,37050,25.6451,500.1,0.737,0.043,0.0843,5.59,12.21,0.1675,0.1185,0.0,0.000117
B1g_20260924_105249,37100,25.4913,558.42,0.744,0.041,0.0814,5.74,12.6,0.161,0.1135,0.0,0.000117
B1g_20260924_105249,37150,26.0376,570.72,0.746,0.043,0.0902,5.5,11.87,0.1676,0.1183,0.0,0.000117
B1g_20260924_105249,37200,25.908,618.87,0.758,0.044,0.0898,5.42,12.18,0.1726,0.1196,0.0,0.000116
B1g_20260924_105249,37250,25.6602,574.49,0.746,0.041,0.0863,5.65,12.66,0.165,0.1132,0.0,0.000116
B1g_20260924_105249,37300,26.1031,574.12,0.766,0.044,0.0947,5.37,12.08,0.173,0.1191,0.0,0.000116
B1g_20260924_105249,37350,25.2444,590.52,0.733,0.041,0.0807,5.74,12.47,0.1609,0.1119,0.0,0.000116
B1g_20260924_105249,37400,25.6368,555.55,0.742,0.042,0.0824,5.68,12.45,0.1638,0.1162,0.0,0.000116
B1g_20260924_105249,37450,25.8915,566.9,0.743,0.041,0.0898,5.66,12.44,0.1626,0.1123,0.0,0.000115
B1g_20260924_105249,37500,25.3018,559.48,0.738,0.041,0.0801,5.75,12.5,0.1603,0.1121,0.0,0.000115
B1g_20260924_105249,37550,25.1797,547.37,0.738,0.04,0.0791,5.9,12.86,0.1564,0.1095,0.0,0.000115
B1g_20260924_105249,37600,25.282,530.78,0.713,0.04,0.0798,5.93,12.58,0.1559,0.1094,0.0,0.000115
B1g_20260924_105249,37650,25.9141,540.9,0.777,0.043,0.0864,5.7,12.78,0.1667,0.1173,0.0,0.000115
B1g_20260924_105249,37700,25.6636,579.03,0.734,0.042,0.0847,5.68,12.38,0.1645,0.1149,0.0,0.000115
B1g_20260924_105249,37750,25.1198,559.61,0.739,0.041,0.0793,5.73,12.58,0.1621,0.1127,0.0,0.000114
B1g_20260924_105249,37800,25.594,532.43,0.738,0.043,0.0881,5.49,11.95,0.1676,0.1169,0.0,0.000114
B1g_20260924_105249,37850,25.8225,605.64,0.752,0.042,0.0869,5.59,12.17,0.1654,0.1166,0.0,0.000114
B1g_20260924_105249,37900,26.1592,550.42,0.768,0.044,0.0917,5.46,12.42,0.1716,0.1196,0.0,0.000114
B1g_20260924_105249,37950,25.8609,524.07,0.756,0.042,0.0867,5.74,12.58,0.1625,0.1142,0.0,0.000114
B1g_20260924_105249,38000,25.5598,507.66,0.732,0.042,0.0842,5.62,11.94,0.1639,0.1155,0.0,0.000113
B1g_20260924_105249,38050,25.4267,499.52,0.75,0.041,0.0831,5.69,12.44,0.1617,0.1113,0.0,0.000113
B1g_20260924_105249,38100,25.7401,608.13,0.744,0.042,0.088,5.62,12.27,0.165,0.1162,0.0,0.000113
B1g_20260924_105249,38150,25.6264,509.66,0.75,0.04,0.0843,5.81,12.81,0.1583,0.1093,0.0,0.000113
B1g_20260924_105249,38200,26.096,538.36,0.767,0.043,0.0908,5.58,12.71,0.1691,0.1176,0.0,0.000113
B1g_20260924_105249,38250,25.0367,549.15,0.719,0.04,0.0796,5.73,12.09,0.1578,0.1106,0.0,0.000113
B1g_20260924_105249,38300,25.1679,553.14,0.743,0.04,0.077,5.97,13.18,0.1571,0.1098,0.0,0.000112
B1g_20260924_105249,38350,26.1168,590.57,0.782,0.044,0.0939,5.41,12.3,0.1734,0.1195,0.0,0.000112
B1g_20260924_105249,38400,25.6003,553.75,0.747,0.04,0.084,5.85,12.95,0.1584,0.1099,0.0,0.000112
B1g_20260924_105249,38450,25.0233,510.62,0.727,0.039,0.0781,5.9,12.71,0.1541,0.1082,0.0,0.000112
B1g_20260924_105249,38500,25.6275,532.41,0.754,0.042,0.0862,5.68,12.35,0.1627,0.1141,0.0,0.000112
B1g_20260924_105249,38550,25.4435,520.43,0.745,0.041,0.0856,5.67,12.52,0.1627,0.1128,0.0,0.000111
B1g_20260924_105249,38600,25.3204,564.92,0.74,0.041,0.0819,5.78,12.56,0.1595,0.1119,0.0,0.000111
B1g_20260924_105249,38650,25.3381,590.25,0.74,0.041,0.0844,5.61,12.24,0.1637,0.1138,0.0,0.000111
B1g_20260924_105249,38700,25.5934,491.74,0.749,0.044,0.0887,5.36,11.62,0.1698,0.1192,0.0,0.000111
B1g_20260924_105249,38750,25.5989,525.71,0.744,0.042,0.0854,5.62,12.14,0.1627,0.1146,0.0,0.000111
B1g_20260924_105249,38800,25.5738,551.11,0.754,0.041,0.0855,5.74,12.79,0.163,0.1137,0.0,0.00011
B1g_20260924_105249,38850,25.4699,550.35,0.757,0.041,0.0853,5.7,12.53,0.1628,0.1134,0.0,0.00011
B1g_20260924_105249,38900,25.3408,516.65,0.745,0.041,0.0843,5.63,12.2,0.1631,0.1133,0.0,0.00011
B1g_20260924_105249,38950,25.6119,534.57,0.749,0.042,0.0865,5.68,12.62,0.1644,0.115,0.0,0.00011
B1g_20260924_105249,39000,25.4257,576.97,0.739,0.04,0.082,5.92,12.87,0.1574,0.1104,0.0,0.00011
B1g_20260924_105249,39050,25.3747,515.54,0.739,0.042,0.0852,5.58,11.76,0.1637,0.1141,0.0,0.00011
B1g_20260924_105249,39100,25.4248,562.9,0.737,0.042,0.0848,5.63,12.17,0.164,0.1151,0.0,0.000109
B1g_20260924_105249,39150,25.3238,497.91,0.758,0.04,0.08,5.86,13.02,0.1598,0.1119,0.0,0.000109
B1g_20260924_105249,39200,25.0431,514.6,0.724,0.039,0.0802,5.86,12.39,0.156,0.109,0.0,0.000109
B1g_20260924_105249,39250,25.8651,536.72,0.782,0.043,0.0916,5.4,12.18,0.1706,0.1183,0.0,0.000109
B1g_20260924_105249,39300,25.6702,559.73,0.772,0.043,0.0855,5.64,12.76,0.1659,0.1162,0.0,0.000109
B1g_20260924_105249,39350,25.4412,511.36,0.747,0.041,0.0855,5.64,12.18,0.1614,0.1121,0.0,0.000108
B1g_20260924_105249,39400,25.1255,561.38,0.739,0.041,0.0815,5.71,12.43,0.1614,0.113,0.0,0.000108
B1g_20260924_105249,39450,25.5766,535.85,0.777,0.043,0.0883,5.45,12.29,0.1697,0.1176,0.0,0.000108
B1g_20260924_105249,39500,25.3781,529.74,0.74,0.041,0.0819,5.78,12.47,0.1596,0.1135,0.0,0.000108
B1g_20260924_105249,39550,25.6423,532.27,0.749,0.044,0.0894,5.51,11.92,0.1682,0.119,0.0,0.000108
B1g_20260924_105249,39600,26.199,523.41,0.789,0.043,0.0938,5.52,12.76,0.1706,0.1182,0.0,0.000107
B1g_20260924_105249,39650,25.8355,540.51,0.758,0.043,0.0899,5.58,12.28,0.1664,0.1183,0.0,0.000107
B1g_20260924_105249,39700,25.4932,521.0,0.738,0.042,0.0854,5.67,12.08,0.1612,0.1144,0.0,0.000107
B1g_20260924_105249,39750,25.4887,543.25,0.746,0.041,0.0853,5.68,12.36,0.1605,0.1125,0.0,0.000107
B1g_20260924_105249,39800,25.7252,563.2,0.781,0.043,0.0873,5.59,12.61,0.1666,0.1164,0.0,0.000107
B1g_20260924_105249,39850,26.0921,537.74,0.771,0.043,0.0931,5.44,12.21,0.1695,0.1185,0.0,0.000107
B1g_20260924_105249,39900,25.5357,544.53,0.743,0.043,0.0841,5.66,12.53,0.1654,0.1175,0.0,0.000106
B1g_20260924_105249,39950,25.6167,514.15,0.763,0.042,0.0857,5.72,12.73,0.1635,0.1147,0.0,0.000106
B1g_20260924_105249,40000,25.4702,544.23,0.759,0.042,0.0835,5.76,12.77,0.1621,0.1151,0.0,0.000106
B1g_20260924_105249,40050,25.5898,519.31,0.751,0.043,0.0868,5.59,12.26,0.1652,0.1161,0.008,0.000106
B1g_20260924_105249,40100,25.8339,594.75,0.759,0.043,0.092,5.5,11.99,0.1667,0.1178,0.025,0.000106
B1g_20260924_105249,40150,26.0645,602.02,0.787,0.042,0.093,5.67,12.75,0.1642,0.1145,0.042,0.000105
B1g_20260924_105249,40200,26.0866,581.89,0.761,0.042,0.0955,5.72,12.34,0.1605,0.1137,0.058,0.000105
B1g_20260924_105249,40250,26.1889,611.59,0.769,0.043,0.0998,5.51,11.93,0.1673,0.118,0.075,0.000105
B1g_20260924_105249,40300,25.9245,691.47,0.753,0.04,0.0972,5.87,12.32,0.1562,0.1098,0.091,0.000105
B1g_20260924_105249,40350,26.6623,760.32,0.784,0.042,0.1067,5.58,12.33,0.1659,0.116,0.108,0.000105
B1g_20260924_105249,40400,27.0099,758.66,0.797,0.042,0.1086,5.7,12.39,0.1622,0.1146,0.125,0.000104
B1g_20260924_105249,40450,26.4832,756.81,0.771,0.041,0.1107,5.5,11.75,0.1594,0.1125,0.139,0.000104
B1g_20260924_105249,40500,26.828,724.82,0.775,0.043,0.1154,5.35,11.87,0.1665,0.1163,0.155,0.000104
B1g_20260924_105249,40550,26.6329,755.64,0.747,0.039,0.1086,5.97,12.57,0.1541,0.1092,0.175,0.000104
B1g_20260924_105249,40600,27.4211,737.24,0.764,0.04,0.1161,5.94,12.56,0.1553,0.1105,0.192,0.000104
B1g_20260924_105249,40650,27.6385,820.6,0.795,0.041,0.1213,5.77,12.65,0.1606,0.1128,0.208,0.000104
B1g_20260924_105249,40700,27.0941,799.48,0.766,0.041,0.1219,5.53,11.63,0.1594,0.1127,0.22,0.000103
B1g_20260924_105249,40750,28.044,798.01,0.805,0.043,0.1293,5.56,12.24,0.167,0.118,0.241,0.000103
B1g_20260924_105249,40800,28.4035,871.98,0.825,0.042,0.1333,5.58,12.62,0.1672,0.1167,0.258,0.000103
B1g_20260924_105249,40850,28.2646,877.04,0.807,0.041,0.132,5.69,12.33,0.162,0.1142,0.275,0.000103
B1g_20260924_105249,40900,27.8329,873.02,0.765,0.039,0.1311,5.71,12.22,0.1543,0.1091,0.286,0.000103
B1g_20260924_105249,40950,28.2793,822.67,0.799,0.041,0.1345,5.73,12.32,0.1616,0.1142,0.308,0.000102
B1g_20260924_105249,41000,29.0754,998.15,0.824,0.043,0.1466,5.53,12.06,0.1678,0.118,0.325,0.000102
B1g_20260924_105249,41050,29.6285,942.53,0.862,0.045,0.1513,5.29,12.37,0.1773,0.1238,0.341,0.000102
B1g_20260924_105249,41100,28.9,929.78,0.815,0.043,0.1441,5.61,12.23,0.1656,0.1176,0.358,0.000102
B1g_20260924_105249,41150,26.6237,950.63,0.743,0.036,0.1312,5.48,11.64,0.143,0.1016,0.345,0.000102
B1g_20260924_105249,41200,27.2536,884.41,0.754,0.037,0.1352,5.63,11.95,0.1451,0.1034,0.368,0.000101
B1g_20260924_105249,41250,28.2802,912.21,0.834,0.041,0.1419,5.49,12.13,0.1567,0.1103,0.392,0.000101
B1g_20260924_105249,41300,29.1716,988.05,0.869,0.042,0.1459,5.14,11.5,0.1599,0.1139,0.416,0.000101
B1g_20260924_105249,41400,35.6097,1258.9,1.094,0.049,0.179,6.54,15.23,0.1883,0.135,0.531,0.000101
B1g_20260924_105249,41450,25.0467,829.92,0.735,0.036,0.1267,4.47,9.74,0.1371,0.0997,0.399,0.000101
B1g_20260924_105249,41550,37.5842,1389.34,1.116,0.05,0.1921,6.95,15.87,0.1951,0.1399,0.624,0.0001
B1g_20260924_105249,41600,26.4959,905.72,0.802,0.035,0.1377,4.77,11.37,0.1373,0.0968,0.452,9.99e-05
B1g_20260924_105249,41650,25.2896,891.53,0.745,0.034,0.1292,4.61,10.09,0.1316,0.0951,0.455,9.98e-05
B1g_20260924_105249,41700,24.3415,909.25,0.697,0.033,0.1283,4.39,9.7,0.1274,0.0921,0.447,9.96e-05
B1g_20260924_105249,41800,53.381,1790.26,1.546,0.071,0.2834,9.62,21.2,0.2727,0.1967,1.015,9.92e-05
B1g_20260924_105249,41850,25.7964,837.98,0.769,0.033,0.1359,4.82,11.08,0.1286,0.0914,0.511,9.9e-05
B1g_20260924_105249,41900,28.6177,963.28,0.854,0.039,0.1588,4.79,11.4,0.1502,0.1077,0.562,9.88e-05
B1g_20260924_105249,41950,28.7115,954.56,0.807,0.037,0.1595,5.09,11.22,0.1436,0.1024,0.59,9.86e-05
B1g_20260924_105249,42000,24.5111,864.65,0.705,0.032,0.133,4.43,9.74,0.1242,0.089,0.527,9.84e-05
B1g_20260924_105249,42050,26.4813,982.82,0.759,0.032,0.1436,4.99,10.98,0.1281,0.091,0.58,9.83e-05
B1g_20260924_105249,42100,14.3892,528.31,0.422,0.017,0.0778,2.81,6.4,0.067,0.0477,0.317,9.81e-05
B1g_20260924_105249,42150,24.7919,879.2,0.708,0.032,0.1389,4.41,10.07,0.1218,0.0879,0.553,9.79e-05
B1g_20260924_105249,42200,24.3999,861.69,0.724,0.031,0.1377,4.25,9.93,0.1204,0.0864,0.551,9.77e-05
B1g_20260925_053253,42050,31.3654,1291.55,0.902,0.041,0.1759,5.41,12.3,0.1604,0.1133,0.675,9.83e-05
B1g_20260925_053253,42100,31.8869,1230.64,0.953,0.042,0.1795,5.34,12.35,0.1635,0.117,0.692,9.81e-05
B1g_20260925_053253,42150,32.1628,1279.27,0.929,0.043,0.1887,5.1,12.02,0.1704,0.1196,0.708,9.79e-05
B1g_20260925_053253,42200,32.467,1355.99,0.959,0.043,0.191,5.22,12.6,0.167,0.1175,0.725,9.77e-05
B1g_20260925_053253,42250,32.6506,1300.29,0.933,0.043,0.1936,5.21,11.92,0.1663,0.1175,0.742,9.75e-05
B1g_20260925_053253,42300,32.2444,1207.79,0.936,0.042,0.1868,5.42,12.57,0.1625,0.1166,0.758,9.73e-05
B1g_20260925_053253,42350,32.2704,1206.32,0.949,0.04,0.1847,5.5,13.04,0.1596,0.1125,0.775,9.71e-05
B1g_20260925_053253,42400,33.1107,1392.9,0.959,0.042,0.1982,5.32,12.56,0.1651,0.116,0.792,9.69e-05
B1g_20260925_053253,42450,33.2578,1374.2,0.94,0.042,0.2045,5.18,11.88,0.1664,0.1176,0.808,9.68e-05
B1g_20260925_053253,42500,32.9794,1334.93,0.934,0.042,0.1977,5.4,12.68,0.1624,0.1146,0.825,9.66e-05
B1g_20260925_053253,42550,33.3668,1409.28,0.964,0.041,0.1991,5.48,12.81,0.1604,0.1144,0.842,9.64e-05
B1g_20260925_053253,42600,32.9913,1319.98,0.921,0.041,0.2003,5.39,12.27,0.1602,0.1143,0.858,9.62e-05
B1g_20260925_053253,42650,33.385,1382.15,0.961,0.041,0.2026,5.38,12.56,0.1614,0.1149,0.875,9.6e-05
B1g_20260925_053253,42700,33.5786,1492.07,0.973,0.044,0.2091,5.14,12.23,0.169,0.1193,0.891,9.58e-05
B1g_20260925_053253,42750,33.3707,1525.93,0.951,0.04,0.2023,5.53,12.97,0.1581,0.1126,0.908,9.56e-05
